Course Code,Course Name,Index,Type,Group,Day,Time,Venue,Remark
CC0001,INQUIRY & COMMUNICATION IN AN INTERDISCIPLINARY WORLD,82201,Tut,T001,Mon,1030to1220,LHN-TR+22,Teaching Wk2-13
CC0001,INQUIRY & COMMUNICATION IN AN INTERDISCIPLINARY WORLD,82202,Tut,T002,Mon,1030to1220,LHN-TR+23,Teaching Wk2-13
CC0001,INQUIRY & COMMUNICATION IN AN INTERDISCIPLINARY WORLD,82203,Tut,T003,Mon,1030to1220,LHN-TR+24,Teaching Wk2-13
CC0001,INQUIRY & COMMUNICATION IN AN INTERDISCIPLINARY WORLD,82204,Tut,T004,Mon,1030to1220,LHN-TR+25,Teaching Wk2-13
CC0001,INQUIRY & COMMUNICATION IN AN INTERDISCIPLINARY WORLD,82205,Tut,T005,Mon,1030to1220,LHN-TR+33,Teaching Wk2-13
CC0001,INQUIRY & COMMUNICATION IN AN INTERDISCIPLINARY WORLD,82206,Tut,T006,Mon,1030to1220,LHN-TR+27,Teaching Wk2-13
CC0001,INQUIRY & COMMUNICATION IN AN INTERDISCIPLINARY WORLD,82207,Tut,T007,Mon,1030to1220,LHN-TR+28,Teaching Wk2-13
CC0001,INQUIRY & COMMUNICATION IN AN INTERDISCIPLINARY WORLD,82208,Tut,T008,Mon,1030to1220,LHN-TR+29,Teaching Wk2-13
CC0001,INQUIRY & COMMUNICATION IN AN INTERDISCIPLINARY WORLD,82209,Tut,T009,Mon,1030to1220,LHN-TR+32,Teaching Wk2-13
CC0001,INQUIRY & COMMUNICATION IN AN INTERDISCIPLINARY WORLD,82210,Tut,T010,Mon,1030to1220,LHN-TR+13,Teaching Wk2-13
CC0001,INQUIRY & COMMUNICATION IN AN INTERDISCIPLINARY WORLD,82211,Tut,T011,Mon,1230to1420,LHN-TR+22,Teaching Wk2-13
CC0001,INQUIRY & COMMUNICATION IN AN INTERDISCIPLINARY WORLD,82212,Tut,T012,Mon,1230to1420,LHN-TR+23,Teaching Wk2-13
CC0001,INQUIRY & COMMUNICATION IN AN INTERDISCIPLINARY WORLD,82213,Tut,T013,Mon,1230to1420,LHN-TR+24,Teaching Wk2-13
CC0001,INQUIRY & COMMUNICATION IN AN INTERDISCIPLINARY WORLD,82214,Tut,T014,Mon,1230to1420,LHN-TR+25,Teaching Wk2-13
CC0001,INQUIRY & COMMUNICATION IN AN INTERDISCIPLINARY WORLD,82215,Tut,T015,Mon,1230to1420,LHN-TR+26,Teaching Wk2-13
CC0001,INQUIRY & COMMUNICATION IN AN INTERDISCIPLINARY WORLD,82216,Tut,T016,Mon,1230to1420,LHN-TR+27,Teaching Wk2-13
CC0001,INQUIRY & COMMUNICATION IN AN INTERDISCIPLINARY WORLD,82217,Tut,T017,Mon,1230to1420,LHN-TR+28,Teaching Wk2-13
CC0001,INQUIRY & COMMUNICATION IN AN INTERDISCIPLINARY WORLD,82218,Tut,T018,Mon,1230to1420,LHN-TR+29,Teaching Wk2-13
CC0001,INQUIRY & COMMUNICATION IN AN INTERDISCIPLINARY WORLD,82219,Tut,T019,Mon,1230to1420,LHN-TR+32,Teaching Wk2-13
CC0001,INQUIRY & COMMUNICATION IN AN INTERDISCIPLINARY WORLD,82220,Tut,T020,Mon,1230to1420,LHN-TR+13,Teaching Wk2-13
CC0001,INQUIRY & COMMUNICATION IN AN INTERDISCIPLINARY WORLD,82221,Tut,T021,Mon,1430to1620,LHN-TR+22,Teaching Wk2-13
CC0001,INQUIRY & COMMUNICATION IN AN INTERDISCIPLINARY WORLD,82222,Tut,T022,Mon,1430to1620,LHN-TR+23,Teaching Wk2-13
CC0001,INQUIRY & COMMUNICATION IN AN INTERDISCIPLINARY WORLD,82223,Tut,T023,Mon,1430to1620,LHN-TR+24,Teaching Wk2-13
CC0001,INQUIRY & COMMUNICATION IN AN INTERDISCIPLINARY WORLD,82224,Tut,T024,Mon,1430to1620,LHN-TR+25,Teaching Wk2-13
CC0001,INQUIRY & COMMUNICATION IN AN INTERDISCIPLINARY WORLD,82225,Tut,T025,Mon,1430to1620,LHN-TR+26,Teaching Wk2-13
CC0001,INQUIRY & COMMUNICATION IN AN INTERDISCIPLINARY WORLD,82226,Tut,T026,Mon,1430to1620,LHN-TR+27,Teaching Wk2-13
CC0001,INQUIRY & COMMUNICATION IN AN INTERDISCIPLINARY WORLD,82227,Tut,T027,Mon,1430to1620,LHN-TR+28,Teaching Wk2-13
CC0001,INQUIRY & COMMUNICATION IN AN INTERDISCIPLINARY WORLD,82228,Tut,T028,Mon,1430to1620,LHN-TR+29,Teaching Wk2-13
CC0001,INQUIRY & COMMUNICATION IN AN INTERDISCIPLINARY WORLD,82229,Tut,T029,Mon,1430to1620,LHN-TR+32,Teaching Wk2-13
CC0001,INQUIRY & COMMUNICATION IN AN INTERDISCIPLINARY WORLD,82230,Tut,T030,Mon,1430to1620,LHN-TR+13,Teaching Wk2-13
CC0001,INQUIRY & COMMUNICATION IN AN INTERDISCIPLINARY WORLD,82231,Tut,T031,Mon,1630to1820,LHN-TR+22,Teaching Wk2-13
CC0001,INQUIRY & COMMUNICATION IN AN INTERDISCIPLINARY WORLD,82232,Tut,T032,Mon,1630to1820,LHN-TR+23,Teaching Wk2-13
CC0001,INQUIRY & COMMUNICATION IN AN INTERDISCIPLINARY WORLD,82233,Tut,T033,Mon,1630to1820,LHN-TR+24,Teaching Wk2-13
CC0001,INQUIRY & COMMUNICATION IN AN INTERDISCIPLINARY WORLD,82234,Tut,T034,Mon,1630to1820,LHN-TR+25,Teaching Wk2-13
CC0001,INQUIRY & COMMUNICATION IN AN INTERDISCIPLINARY WORLD,82235,Tut,T035,Mon,1630to1820,LHN-TR+26,Teaching Wk2-13
CC0001,INQUIRY & COMMUNICATION IN AN INTERDISCIPLINARY WORLD,82236,Tut,T036,Mon,1630to1820,LHN-TR+27,Teaching Wk2-13
CC0001,INQUIRY & COMMUNICATION IN AN INTERDISCIPLINARY WORLD,82237,Tut,T037,Mon,1630to1820,LHN-TR+28,Teaching Wk2-13
CC0001,INQUIRY & COMMUNICATION IN AN INTERDISCIPLINARY WORLD,82238,Tut,T038,Mon,1630to1820,LHN-TR+29,Teaching Wk2-13
CC0001,INQUIRY & COMMUNICATION IN AN INTERDISCIPLINARY WORLD,82239,Tut,T039,Tue,1030to1220,LHN-TR+22,Teaching Wk2-13
CC0001,INQUIRY & COMMUNICATION IN AN INTERDISCIPLINARY WORLD,82240,Tut,T040,Tue,1030to1220,LHN-TR+23,Teaching Wk2-13
CC0001,INQUIRY & COMMUNICATION IN AN INTERDISCIPLINARY WORLD,82241,Tut,T041,Tue,1030to1220,LHN-TR+24,Teaching Wk2-13
CC0001,INQUIRY & COMMUNICATION IN AN INTERDISCIPLINARY WORLD,82242,Tut,T042,Tue,1030to1220,LHN-TR+25,Teaching Wk2-13
CC0001,INQUIRY & COMMUNICATION IN AN INTERDISCIPLINARY WORLD,82243,Tut,T043,Tue,1030to1220,LHN-TR+26,Teaching Wk2-13
CC0001,INQUIRY & COMMUNICATION IN AN INTERDISCIPLINARY WORLD,82244,Tut,T044,Tue,1030to1220,LHN-TR+27,Teaching Wk2-13
CC0001,INQUIRY & COMMUNICATION IN AN INTERDISCIPLINARY WORLD,82245,Tut,T045,Tue,1030to1220,LHN-TR+28,Teaching Wk2-13
CC0001,INQUIRY & COMMUNICATION IN AN INTERDISCIPLINARY WORLD,82246,Tut,T046,Tue,1030to1220,LHN-TR+29,Teaching Wk2-13
CC0001,INQUIRY & COMMUNICATION IN AN INTERDISCIPLINARY WORLD,82247,Tut,T047,Tue,1030to1220,LHN-TR+32,Teaching Wk2-13
CC0001,INQUIRY & COMMUNICATION IN AN INTERDISCIPLINARY WORLD,82248,Tut,T048,Tue,1030to1220,LHN-TR+13,Teaching Wk2-13
CC0001,INQUIRY & COMMUNICATION IN AN INTERDISCIPLINARY WORLD,82249,Tut,T049,Tue,1230to1420,LHN-TR+22,Teaching Wk2-13
CC0001,INQUIRY & COMMUNICATION IN AN INTERDISCIPLINARY WORLD,82250,Tut,T050,Tue,1230to1420,LHN-TR+23,Teaching Wk2-13
CC0001,INQUIRY & COMMUNICATION IN AN INTERDISCIPLINARY WORLD,82251,Tut,T051,Tue,1230to1420,LHN-TR+24,Teaching Wk2-13
CC0001,INQUIRY & COMMUNICATION IN AN INTERDISCIPLINARY WORLD,82252,Tut,T052,Tue,1230to1420,LHN-TR+25,Teaching Wk2-13
CC0001,INQUIRY & COMMUNICATION IN AN INTERDISCIPLINARY WORLD,82253,Tut,T053,Tue,1230to1420,LHN-TR+34,Teaching Wk2-13
CC0001,INQUIRY & COMMUNICATION IN AN INTERDISCIPLINARY WORLD,82254,Tut,T054,Tue,1230to1420,LHN-TR+27,Teaching Wk2-13
CC0001,INQUIRY & COMMUNICATION IN AN INTERDISCIPLINARY WORLD,82255,Tut,T055,Tue,1230to1420,LHN-TR+28,Teaching Wk2-13
CC0001,INQUIRY & COMMUNICATION IN AN INTERDISCIPLINARY WORLD,82256,Tut,T056,Tue,1230to1420,LHN-TR+29,Teaching Wk2-13
CC0001,INQUIRY & COMMUNICATION IN AN INTERDISCIPLINARY WORLD,82257,Tut,T057,Tue,1230to1420,LHN-TR+32,Teaching Wk2-13
CC0001,INQUIRY & COMMUNICATION IN AN INTERDISCIPLINARY WORLD,82258,Tut,T058,Tue,1230to1420,LHN-TR+13,Teaching Wk2-13
CC0001,INQUIRY & COMMUNICATION IN AN INTERDISCIPLINARY WORLD,82259,Tut,T059,Tue,1430to1620,LHN-TR+22,Teaching Wk2-13
CC0001,INQUIRY & COMMUNICATION IN AN INTERDISCIPLINARY WORLD,82260,Tut,T060,Tue,1430to1620,LHN-TR+23,Teaching Wk2-13
CC0001,INQUIRY & COMMUNICATION IN AN INTERDISCIPLINARY WORLD,82261,Tut,T061,Tue,1430to1620,LHN-TR+24,Teaching Wk2-13
CC0001,INQUIRY & COMMUNICATION IN AN INTERDISCIPLINARY WORLD,82262,Tut,T062,Tue,1430to1620,LHN-TR+25,Teaching Wk2-13
CC0001,INQUIRY & COMMUNICATION IN AN INTERDISCIPLINARY WORLD,82263,Tut,T063,Tue,1430to1620,LHN-TR+26,Teaching Wk2-13
CC0001,INQUIRY & COMMUNICATION IN AN INTERDISCIPLINARY WORLD,82264,Tut,T064,Tue,1430to1620,LHN-TR+27,Teaching Wk2-13
CC0001,INQUIRY & COMMUNICATION IN AN INTERDISCIPLINARY WORLD,82265,Tut,T065,Tue,1430to1620,LHN-TR+28,Teaching Wk2-13
CC0001,INQUIRY & COMMUNICATION IN AN INTERDISCIPLINARY WORLD,82266,Tut,T066,Tue,1430to1620,LHN-TR+29,Teaching Wk2-13
CC0001,INQUIRY & COMMUNICATION IN AN INTERDISCIPLINARY WORLD,82267,Tut,T067,Tue,1430to1620,LHN-TR+32,Teaching Wk2-13
CC0001,INQUIRY & COMMUNICATION IN AN INTERDISCIPLINARY WORLD,82268,Tut,T068,Tue,1430to1620,LHN-TR+13,Teaching Wk2-13
CC0001,INQUIRY & COMMUNICATION IN AN INTERDISCIPLINARY WORLD,82269,Tut,T069,Tue,1630to1820,LHN-TR+22,Teaching Wk2-13
CC0001,INQUIRY & COMMUNICATION IN AN INTERDISCIPLINARY WORLD,82270,Tut,T070,Tue,1630to1820,LHN-TR+23,Teaching Wk2-13
CC0001,INQUIRY & COMMUNICATION IN AN INTERDISCIPLINARY WORLD,82271,Tut,T071,Tue,1630to1820,LHN-TR+24,Teaching Wk2-13
CC0001,INQUIRY & COMMUNICATION IN AN INTERDISCIPLINARY WORLD,82272,Tut,T072,Tue,1630to1820,LHN-TR+25,Teaching Wk2-13
CC0001,INQUIRY & COMMUNICATION IN AN INTERDISCIPLINARY WORLD,82273,Tut,T073,Tue,1630to1820,LHN-TR+26,Teaching Wk2-13
CC0001,INQUIRY & COMMUNICATION IN AN INTERDISCIPLINARY WORLD,82274,Tut,T074,Tue,1630to1820,LHN-TR+27,Teaching Wk2-13
CC0001,INQUIRY & COMMUNICATION IN AN INTERDISCIPLINARY WORLD,82275,Tut,T075,Tue,1630to1820,LHN-TR+28,Teaching Wk2-13
CC0001,INQUIRY & COMMUNICATION IN AN INTERDISCIPLINARY WORLD,82276,Tut,T076,Tue,1630to1820,LHN-TR+29,Teaching Wk2-13
CC0001,INQUIRY & COMMUNICATION IN AN INTERDISCIPLINARY WORLD,82277,Tut,T077,Wed,1030to1220,LHN-TR+22,Teaching Wk2-13
CC0001,INQUIRY & COMMUNICATION IN AN INTERDISCIPLINARY WORLD,82278,Tut,T078,Wed,1030to1220,LHN-TR+23,Teaching Wk2-13
CC0001,INQUIRY & COMMUNICATION IN AN INTERDISCIPLINARY WORLD,82279,Tut,T079,Wed,1030to1220,LHN-TR+24,Teaching Wk2-13
CC0001,INQUIRY & COMMUNICATION IN AN INTERDISCIPLINARY WORLD,82280,Tut,T080,Wed,1030to1220,LHN-TR+25,Teaching Wk2-13
CC0001,INQUIRY & COMMUNICATION IN AN INTERDISCIPLINARY WORLD,82281,Tut,T081,Wed,1030to1220,LHN-TR+26,Teaching Wk2-13
CC0001,INQUIRY & COMMUNICATION IN AN INTERDISCIPLINARY WORLD,82282,Tut,T082,Wed,1030to1220,LHN-TR+27,Teaching Wk2-13
CC0001,INQUIRY & COMMUNICATION IN AN INTERDISCIPLINARY WORLD,82283,Tut,T083,Wed,1030to1220,LHN-TR+28,Teaching Wk2-13
CC0001,INQUIRY & COMMUNICATION IN AN INTERDISCIPLINARY WORLD,82284,Tut,T084,Wed,1030to1220,LHN-TR+29,Teaching Wk2-13
CC0001,INQUIRY & COMMUNICATION IN AN INTERDISCIPLINARY WORLD,82285,Tut,T085,Wed,1030to1220,LHN-TR+32,Teaching Wk2-13
CC0001,INQUIRY & COMMUNICATION IN AN INTERDISCIPLINARY WORLD,82286,Tut,T086,Wed,1030to1220,LHN-TR+13,Teaching Wk2-13
CC0001,INQUIRY & COMMUNICATION IN AN INTERDISCIPLINARY WORLD,82287,Tut,T087,Wed,1230to1420,LHN-TR+22,Teaching Wk2-13
CC0001,INQUIRY & COMMUNICATION IN AN INTERDISCIPLINARY WORLD,82288,Tut,T088,Wed,1230to1420,LHN-TR+23,Teaching Wk2-13
CC0001,INQUIRY & COMMUNICATION IN AN INTERDISCIPLINARY WORLD,82289,Tut,T089,Wed,1230to1420,LHN-TR+24,Teaching Wk2-13
CC0001,INQUIRY & COMMUNICATION IN AN INTERDISCIPLINARY WORLD,82290,Tut,T090,Wed,1230to1420,LHN-TR+25,Teaching Wk2-13
CC0001,INQUIRY & COMMUNICATION IN AN INTERDISCIPLINARY WORLD,82291,Tut,T091,Wed,1230to1420,LHN-TR+26,Teaching Wk2-13
CC0001,INQUIRY & COMMUNICATION IN AN INTERDISCIPLINARY WORLD,82292,Tut,T092,Wed,1230to1420,LHN-TR+27,Teaching Wk2-13
CC0001,INQUIRY & COMMUNICATION IN AN INTERDISCIPLINARY WORLD,82293,Tut,T093,Wed,1230to1420,LHN-TR+28,Teaching Wk2-13
CC0001,INQUIRY & COMMUNICATION IN AN INTERDISCIPLINARY WORLD,82294,Tut,T094,Wed,1230to1420,LHN-TR+29,Teaching Wk2-13
CC0001,INQUIRY & COMMUNICATION IN AN INTERDISCIPLINARY WORLD,82295,Tut,T095,Wed,1230to1420,LHN-TR+32,Teaching Wk2-13
CC0001,INQUIRY & COMMUNICATION IN AN INTERDISCIPLINARY WORLD,82296,Tut,T096,Wed,1230to1420,LHN-TR+13,Teaching Wk2-13
CC0001,INQUIRY & COMMUNICATION IN AN INTERDISCIPLINARY WORLD,82297,Tut,T097,Wed,1430to1620,LHN-TR+22,Teaching Wk2-13
CC0001,INQUIRY & COMMUNICATION IN AN INTERDISCIPLINARY WORLD,82298,Tut,T098,Wed,1430to1620,LHN-TR+23,Teaching Wk2-13
CC0001,INQUIRY & COMMUNICATION IN AN INTERDISCIPLINARY WORLD,82299,Tut,T099,Wed,1430to1620,LHN-TR+24,Teaching Wk2-13
CC0001,INQUIRY & COMMUNICATION IN AN INTERDISCIPLINARY WORLD,82300,Tut,T100,Wed,1430to1620,LHN-TR+25,Teaching Wk2-13
CC0001,INQUIRY & COMMUNICATION IN AN INTERDISCIPLINARY WORLD,82301,Tut,T101,Wed,1430to1620,LHN-TR+26,Teaching Wk2-13
CC0001,INQUIRY & COMMUNICATION IN AN INTERDISCIPLINARY WORLD,82302,Tut,T102,Wed,1430to1620,LHN-TR+27,Teaching Wk2-13
CC0001,INQUIRY & COMMUNICATION IN AN INTERDISCIPLINARY WORLD,82303,Tut,T103,Wed,1430to1620,LHN-TR+28,Teaching Wk2-13
CC0001,INQUIRY & COMMUNICATION IN AN INTERDISCIPLINARY WORLD,82304,Tut,T104,Wed,1430to1620,LHN-TR+29,Teaching Wk2-13
CC0001,INQUIRY & COMMUNICATION IN AN INTERDISCIPLINARY WORLD,82305,Tut,T105,Wed,1430to1620,LHN-TR+32,Teaching Wk2-13
CC0001,INQUIRY & COMMUNICATION IN AN INTERDISCIPLINARY WORLD,82306,Tut,T106,Wed,1430to1620,LHN-TR+13,Teaching Wk2-13
CC0001,INQUIRY & COMMUNICATION IN AN INTERDISCIPLINARY WORLD,82307,Tut,T107,Wed,1630to1820,LHN-TR+22,Teaching Wk2-13
CC0001,INQUIRY & COMMUNICATION IN AN INTERDISCIPLINARY WORLD,82308,Tut,T108,Wed,1630to1820,LHN-TR+23,Teaching Wk2-13
CC0001,INQUIRY & COMMUNICATION IN AN INTERDISCIPLINARY WORLD,82309,Tut,T109,Wed,1630to1820,LHN-TR+24,Teaching Wk2-13
CC0001,INQUIRY & COMMUNICATION IN AN INTERDISCIPLINARY WORLD,82310,Tut,T110,Wed,1630to1820,LHN-TR+25,Teaching Wk2-13
CC0001,INQUIRY & COMMUNICATION IN AN INTERDISCIPLINARY WORLD,82311,Tut,T111,Wed,1630to1820,LHN-TR+26,Teaching Wk2-13
CC0001,INQUIRY & COMMUNICATION IN AN INTERDISCIPLINARY WORLD,82312,Tut,T112,Wed,1630to1820,LHN-TR+27,Teaching Wk2-13
CC0001,INQUIRY & COMMUNICATION IN AN INTERDISCIPLINARY WORLD,82313,Tut,T113,Wed,1630to1820,LHN-TR+28,Teaching Wk2-13
CC0001,INQUIRY & COMMUNICATION IN AN INTERDISCIPLINARY WORLD,82314,Tut,T114,Wed,1630to1820,LHN-TR+29,Teaching Wk2-13
CC0001,INQUIRY & COMMUNICATION IN AN INTERDISCIPLINARY WORLD,82315,Tut,T115,Thu,1030to1220,LHN-TR+22,Teaching Wk2-13
CC0001,INQUIRY & COMMUNICATION IN AN INTERDISCIPLINARY WORLD,82316,Tut,T116,Thu,1030to1220,LHN-TR+23,Teaching Wk2-13
CC0001,INQUIRY & COMMUNICATION IN AN INTERDISCIPLINARY WORLD,82317,Tut,T117,Thu,1030to1220,LHN-TR+24,Teaching Wk2-13
CC0001,INQUIRY & COMMUNICATION IN AN INTERDISCIPLINARY WORLD,82318,Tut,T118,Thu,1030to1220,LHN-TR+25,Teaching Wk2-13
CC0001,INQUIRY & COMMUNICATION IN AN INTERDISCIPLINARY WORLD,82319,Tut,T119,Thu,1030to1220,LHN-TR+26,Teaching Wk2-13
CC0001,INQUIRY & COMMUNICATION IN AN INTERDISCIPLINARY WORLD,82320,Tut,T120,Thu,1030to1220,LHN-TR+27,Teaching Wk2-13
CC0001,INQUIRY & COMMUNICATION IN AN INTERDISCIPLINARY WORLD,82321,Tut,T121,Thu,1030to1220,LHN-TR+28,Teaching Wk2-13
CC0001,INQUIRY & COMMUNICATION IN AN INTERDISCIPLINARY WORLD,82322,Tut,T122,Thu,1030to1220,LHN-TR+29,Teaching Wk2-13
CC0001,INQUIRY & COMMUNICATION IN AN INTERDISCIPLINARY WORLD,82323,Tut,T123,Thu,1030to1220,LHN-TR+32,Teaching Wk2-13
CC0001,INQUIRY & COMMUNICATION IN AN INTERDISCIPLINARY WORLD,82324,Tut,T124,Thu,1030to1220,LHN-TR+13,Teaching Wk2-13
CC0001,INQUIRY & COMMUNICATION IN AN INTERDISCIPLINARY WORLD,82325,Tut,T125,Thu,1230to1420,LHN-TR+22,Teaching Wk2-13
CC0001,INQUIRY & COMMUNICATION IN AN INTERDISCIPLINARY WORLD,82326,Tut,T126,Thu,1230to1420,LHN-TR+23,Teaching Wk2-13
CC0001,INQUIRY & COMMUNICATION IN AN INTERDISCIPLINARY WORLD,82327,Tut,T127,Thu,1230to1420,LHN-TR+24,Teaching Wk2-13
CC0001,INQUIRY & COMMUNICATION IN AN INTERDISCIPLINARY WORLD,82328,Tut,T128,Thu,1230to1420,LHN-TR+25,Teaching Wk2-13
CC0001,INQUIRY & COMMUNICATION IN AN INTERDISCIPLINARY WORLD,82329,Tut,T129,Thu,1230to1420,LHN-TR+26,Teaching Wk2-13
CC0001,INQUIRY & COMMUNICATION IN AN INTERDISCIPLINARY WORLD,82330,Tut,T130,Thu,1230to1420,LHN-TR+27,Teaching Wk2-13
CC0001,INQUIRY & COMMUNICATION IN AN INTERDISCIPLINARY WORLD,82331,Tut,T131,Thu,1230to1420,LHN-TR+28,Teaching Wk2-13
CC0001,INQUIRY & COMMUNICATION IN AN INTERDISCIPLINARY WORLD,82332,Tut,T132,Thu,1230to1420,LHN-TR+29,Teaching Wk2-13
CC0001,INQUIRY & COMMUNICATION IN AN INTERDISCIPLINARY WORLD,82333,Tut,T133,Thu,1230to1420,LHN-TR+32,Teaching Wk2-13
CC0001,INQUIRY & COMMUNICATION IN AN INTERDISCIPLINARY WORLD,82334,Tut,T134,Thu,1230to1420,LHN-TR+13,Teaching Wk2-13
CC0001,INQUIRY & COMMUNICATION IN AN INTERDISCIPLINARY WORLD,82335,Tut,T135,Thu,1430to1620,LHN-TR+22,Teaching Wk2-13
CC0001,INQUIRY & COMMUNICATION IN AN INTERDISCIPLINARY WORLD,82336,Tut,T136,Thu,1430to1620,LHN-TR+23,Teaching Wk2-13
CC0001,INQUIRY & COMMUNICATION IN AN INTERDISCIPLINARY WORLD,82337,Tut,T137,Thu,1430to1620,LHN-TR+24,Teaching Wk2-13
CC0001,INQUIRY & COMMUNICATION IN AN INTERDISCIPLINARY WORLD,82338,Tut,T138,Thu,1430to1620,LHN-TR+25,Teaching Wk2-13
CC0001,INQUIRY & COMMUNICATION IN AN INTERDISCIPLINARY WORLD,82339,Tut,T139,Thu,1430to1620,LHN-TR+26,Teaching Wk2-13
CC0001,INQUIRY & COMMUNICATION IN AN INTERDISCIPLINARY WORLD,82340,Tut,T140,Thu,1430to1620,LHN-TR+27,Teaching Wk2-13
CC0001,INQUIRY & COMMUNICATION IN AN INTERDISCIPLINARY WORLD,82341,Tut,T141,Thu,1430to1620,LHN-TR+28,Teaching Wk2-13
CC0001,INQUIRY & COMMUNICATION IN AN INTERDISCIPLINARY WORLD,82342,Tut,T142,Thu,1430to1620,LHN-TR+29,Teaching Wk2-13
CC0001,INQUIRY & COMMUNICATION IN AN INTERDISCIPLINARY WORLD,82343,Tut,T143,Thu,1430to1620,LHN-TR+32,Teaching Wk2-13
CC0001,INQUIRY & COMMUNICATION IN AN INTERDISCIPLINARY WORLD,82344,Tut,T144,Thu,1430to1620,LHN-TR+13,Teaching Wk2-13
CC0001,INQUIRY & COMMUNICATION IN AN INTERDISCIPLINARY WORLD,82345,Tut,T145,Thu,1630to1820,LHN-TR+22,Teaching Wk2-13
CC0001,INQUIRY & COMMUNICATION IN AN INTERDISCIPLINARY WORLD,82346,Tut,T146,Thu,1630to1820,LHN-TR+23,Teaching Wk2-13
CC0001,INQUIRY & COMMUNICATION IN AN INTERDISCIPLINARY WORLD,82347,Tut,T147,Thu,1630to1820,LHN-TR+24,Teaching Wk2-13
CC0001,INQUIRY & COMMUNICATION IN AN INTERDISCIPLINARY WORLD,82348,Tut,T148,Thu,1630to1820,LHN-TR+25,Teaching Wk2-13
CC0001,INQUIRY & COMMUNICATION IN AN INTERDISCIPLINARY WORLD,82349,Tut,T149,Thu,1630to1820,LHN-TR+26,Teaching Wk2-13
CC0001,INQUIRY & COMMUNICATION IN AN INTERDISCIPLINARY WORLD,82350,Tut,T150,Thu,1630to1820,LHN-TR+27,Teaching Wk2-13
CC0001,INQUIRY & COMMUNICATION IN AN INTERDISCIPLINARY WORLD,82351,Tut,T151,Thu,1630to1820,LHN-TR+28,Teaching Wk2-13
CC0001,INQUIRY & COMMUNICATION IN AN INTERDISCIPLINARY WORLD,82352,Tut,T152,Thu,1630to1820,LHN-TR+29,Teaching Wk2-13
CC0001,INQUIRY & COMMUNICATION IN AN INTERDISCIPLINARY WORLD,82353,Tut,T153,Fri,1030to1220,LHN-TR+22,Teaching Wk2-13
CC0001,INQUIRY & COMMUNICATION IN AN INTERDISCIPLINARY WORLD,82354,Tut,T154,Fri,1030to1220,LHN-TR+08,Teaching Wk2-13
CC0001,INQUIRY & COMMUNICATION IN AN INTERDISCIPLINARY WORLD,82355,Tut,T155,Fri,1030to1220,LHN-TR+24,Teaching Wk2-13
CC0001,INQUIRY & COMMUNICATION IN AN INTERDISCIPLINARY WORLD,82356,Tut,T156,Fri,1030to1220,LHN-TR+25,Teaching Wk2-13
CC0001,INQUIRY & COMMUNICATION IN AN INTERDISCIPLINARY WORLD,82357,Tut,T157,Fri,1030to1220,LHN-TR+26,Teaching Wk2-13
CC0001,INQUIRY & COMMUNICATION IN AN INTERDISCIPLINARY WORLD,82358,Tut,T158,Fri,1030to1220,LHN-TR+27,Teaching Wk2-13
CC0001,INQUIRY & COMMUNICATION IN AN INTERDISCIPLINARY WORLD,82359,Tut,T159,Fri,1030to1220,LHN-TR+28,Teaching Wk2-13
CC0001,INQUIRY & COMMUNICATION IN AN INTERDISCIPLINARY WORLD,82360,Tut,T160,Fri,1030to1220,LHN-TR+29,Teaching Wk2-13
CC0001,INQUIRY & COMMUNICATION IN AN INTERDISCIPLINARY WORLD,82361,Tut,T161,Fri,1030to1220,LHN-TR+32,Teaching Wk2-13
CC0001,INQUIRY & COMMUNICATION IN AN INTERDISCIPLINARY WORLD,82362,Tut,T162,Fri,1030to1220,LHN-TR+13,Teaching Wk2-13
CC0001,INQUIRY & COMMUNICATION IN AN INTERDISCIPLINARY WORLD,82363,Tut,T163,Fri,1230to1420,LHN-TR+22,Teaching Wk2-13
CC0001,INQUIRY & COMMUNICATION IN AN INTERDISCIPLINARY WORLD,82364,Tut,T164,Fri,1230to1420,LHN-TR+23,Teaching Wk2-13
CC0001,INQUIRY & COMMUNICATION IN AN INTERDISCIPLINARY WORLD,82365,Tut,T165,Fri,1230to1420,LHN-TR+24,Teaching Wk2-13
CC0001,INQUIRY & COMMUNICATION IN AN INTERDISCIPLINARY WORLD,82366,Tut,T166,Fri,1230to1420,LHN-TR+25,Teaching Wk2-13
CC0001,INQUIRY & COMMUNICATION IN AN INTERDISCIPLINARY WORLD,82367,Tut,T167,Fri,1230to1420,LHN-TR+26,Teaching Wk2-13
CC0001,INQUIRY & COMMUNICATION IN AN INTERDISCIPLINARY WORLD,82368,Tut,T168,Fri,1230to1420,LHN-TR+27,Teaching Wk2-13
CC0001,INQUIRY & COMMUNICATION IN AN INTERDISCIPLINARY WORLD,82369,Tut,T169,Fri,1230to1420,LHN-TR+28,Teaching Wk2-13
CC0001,INQUIRY & COMMUNICATION IN AN INTERDISCIPLINARY WORLD,82370,Tut,T170,Fri,1230to1420,LHN-TR+29,Teaching Wk2-13
CC0001,INQUIRY & COMMUNICATION IN AN INTERDISCIPLINARY WORLD,82371,Tut,T171,Fri,1230to1420,LHN-TR+32,Teaching Wk2-13
CC0001,INQUIRY & COMMUNICATION IN AN INTERDISCIPLINARY WORLD,82372,Tut,T172,Fri,1230to1420,LHN-TR+13,Teaching Wk2-13
CC0001,INQUIRY & COMMUNICATION IN AN INTERDISCIPLINARY WORLD,82373,Tut,T173,Fri,1430to1620,LHN-TR+22,Teaching Wk2-13
CC0001,INQUIRY & COMMUNICATION IN AN INTERDISCIPLINARY WORLD,82374,Tut,T174,Fri,1430to1620,LHN-TR+23,Teaching Wk2-13
CC0001,INQUIRY & COMMUNICATION IN AN INTERDISCIPLINARY WORLD,82375,Tut,T175,Fri,1430to1620,LHN-TR+24,Teaching Wk2-13
CC0001,INQUIRY & COMMUNICATION IN AN INTERDISCIPLINARY WORLD,82376,Tut,T176,Fri,1430to1620,LHN-TR+25,Teaching Wk2-13
CC0001,INQUIRY & COMMUNICATION IN AN INTERDISCIPLINARY WORLD,82377,Tut,T177,Fri,1430to1620,LHN-TR+26,Teaching Wk2-13
CC0001,INQUIRY & COMMUNICATION IN AN INTERDISCIPLINARY WORLD,82378,Tut,T178,Fri,1430to1620,LHN-TR+27,Teaching Wk2-13
CC0001,INQUIRY & COMMUNICATION IN AN INTERDISCIPLINARY WORLD,82379,Tut,T179,Fri,1430to1620,LHN-TR+08,Teaching Wk2-13
CC0001,INQUIRY & COMMUNICATION IN AN INTERDISCIPLINARY WORLD,82380,Tut,T180,Fri,1430to1620,LHN-TR+29,Teaching Wk2-13
CC0002,NAVIGATING THE DIGITAL WORLD,82400,Tut,T001,Mon,1030to1220,LHN-TR+52,Teaching Wk2-13
CC0002,NAVIGATING THE DIGITAL WORLD,82401,Tut,T002,Mon,1030to1220,LHN-TR+30,Teaching Wk2-13
CC0002,NAVIGATING THE DIGITAL WORLD,82402,Tut,T003,Mon,1030to1220,LHN-TR+36,Teaching Wk2-13
CC0002,NAVIGATING THE DIGITAL WORLD,82403,Tut,T004,Mon,1030to1220,LHN-TR+37,Teaching Wk2-13
CC0002,NAVIGATING THE DIGITAL WORLD,82404,Tut,T005,Mon,1230to1420,LHN-TR+52,Teaching Wk2-13
CC0002,NAVIGATING THE DIGITAL WORLD,82405,Tut,T006,Mon,1230to1420,LHN-TR+30,Teaching Wk2-13
CC0002,NAVIGATING THE DIGITAL WORLD,82406,Tut,T007,Mon,1230to1420,LHN-TR+36,Teaching Wk2-13
CC0002,NAVIGATING THE DIGITAL WORLD,82407,Tut,T008,Mon,1230to1420,LHN-TR+37,Teaching Wk2-13
CC0002,NAVIGATING THE DIGITAL WORLD,82408,Tut,T009,Mon,1430to1620,LHN-TR+52,Teaching Wk2-13
CC0002,NAVIGATING THE DIGITAL WORLD,82409,Tut,T010,Mon,1430to1620,LHN-TR+30,Teaching Wk2-13
CC0002,NAVIGATING THE DIGITAL WORLD,82410,Tut,T011,Mon,1430to1620,LHN-TR+36,Teaching Wk2-13
CC0002,NAVIGATING THE DIGITAL WORLD,82411,Tut,T012,Mon,1430to1620,LHN-TR+37,Teaching Wk2-13
CC0002,NAVIGATING THE DIGITAL WORLD,82412,Tut,T013,Mon,1630to1820,LHN-TR+52,Teaching Wk2-13
CC0002,NAVIGATING THE DIGITAL WORLD,82413,Tut,T014,Mon,1630to1820,LHN-TR+30,Teaching Wk2-13
CC0002,NAVIGATING THE DIGITAL WORLD,82414,Tut,T015,Mon,1630to1820,LHN-TR+36,Teaching Wk2-13
CC0002,NAVIGATING THE DIGITAL WORLD,82415,Tut,T016,Tue,1030to1220,LHN-TR+52,Teaching Wk2-13
CC0002,NAVIGATING THE DIGITAL WORLD,82416,Tut,T017,Tue,1030to1220,LHN-TR+30,Teaching Wk2-13
CC0002,NAVIGATING THE DIGITAL WORLD,82417,Tut,T018,Tue,1030to1220,LHN-TR+36,Teaching Wk2-13
CC0002,NAVIGATING THE DIGITAL WORLD,82418,Tut,T019,Tue,1030to1220,LHN-TR+37,Teaching Wk2-13
CC0002,NAVIGATING THE DIGITAL WORLD,82419,Tut,T020,Tue,1230to1420,LHN-TR+52,Teaching Wk2-13
CC0002,NAVIGATING THE DIGITAL WORLD,82420,Tut,T021,Tue,1230to1420,LHN-TR+30,Teaching Wk2-13
CC0002,NAVIGATING THE DIGITAL WORLD,82421,Tut,T022,Tue,1230to1420,LHN-TR+36,Teaching Wk2-13
CC0002,NAVIGATING THE DIGITAL WORLD,82422,Tut,T023,Tue,1230to1420,LHN-TR+37,Teaching Wk2-13
CC0002,NAVIGATING THE DIGITAL WORLD,82423,Tut,T024,Tue,1430to1620,LHN-TR+52,Teaching Wk2-13
CC0002,NAVIGATING THE DIGITAL WORLD,82424,Tut,T025,Tue,1430to1620,LHN-TR+30,Teaching Wk2-13
CC0002,NAVIGATING THE DIGITAL WORLD,82425,Tut,T026,Tue,1430to1620,LHN-TR+36,Teaching Wk2-13
CC0002,NAVIGATING THE DIGITAL WORLD,82426,Tut,T027,Tue,1430to1620,LHN-TR+37,Teaching Wk2-13
CC0002,NAVIGATING THE DIGITAL WORLD,82427,Tut,T028,Tue,1630to1820,LHN-TR+52,Teaching Wk2-13
CC0002,NAVIGATING THE DIGITAL WORLD,82428,Tut,T029,Tue,1630to1820,LHN-TR+30,Teaching Wk2-13
CC0002,NAVIGATING THE DIGITAL WORLD,82429,Tut,T030,Tue,1630to1820,LHN-TR+36,Teaching Wk2-13
CC0002,NAVIGATING THE DIGITAL WORLD,82430,Tut,T031,Wed,1030to1220,LHN-TR+52,Teaching Wk2-13
CC0002,NAVIGATING THE DIGITAL WORLD,82431,Tut,T032,Wed,1030to1220,LHN-TR+30,Teaching Wk2-13
CC0002,NAVIGATING THE DIGITAL WORLD,82432,Tut,T033,Wed,1030to1220,LHN-TR+36,Teaching Wk2-13
CC0002,NAVIGATING THE DIGITAL WORLD,82433,Tut,T034,Wed,1030to1220,LHN-TR+37,Teaching Wk2-13
CC0002,NAVIGATING THE DIGITAL WORLD,82434,Tut,T035,Wed,1230to1420,LHN-TR+52,Teaching Wk2-13
CC0002,NAVIGATING THE DIGITAL WORLD,82435,Tut,T036,Wed,1230to1420,LHN-TR+30,Teaching Wk2-13
CC0002,NAVIGATING THE DIGITAL WORLD,82436,Tut,T037,Wed,1230to1420,LHN-TR+36,Teaching Wk2-13
CC0002,NAVIGATING THE DIGITAL WORLD,82437,Tut,T038,Wed,1230to1420,LHN-TR+37,Teaching Wk2-13
CC0002,NAVIGATING THE DIGITAL WORLD,82438,Tut,T039,Wed,1430to1620,LHN-TR+52,Teaching Wk2-13
CC0002,NAVIGATING THE DIGITAL WORLD,82439,Tut,T040,Wed,1430to1620,LHN-TR+30,Teaching Wk2-13
CC0002,NAVIGATING THE DIGITAL WORLD,82440,Tut,T041,Wed,1430to1620,LHN-TR+36,Teaching Wk2-13
CC0002,NAVIGATING THE DIGITAL WORLD,82441,Tut,T042,Wed,1430to1620,LHN-TR+37,Teaching Wk2-13
CC0002,NAVIGATING THE DIGITAL WORLD,82442,Tut,T043,Wed,1630to1820,LHN-TR+52,Teaching Wk2-13
CC0002,NAVIGATING THE DIGITAL WORLD,82443,Tut,T044,Wed,1630to1820,LHN-TR+30,Teaching Wk2-13
CC0002,NAVIGATING THE DIGITAL WORLD,82444,Tut,T045,Wed,1630to1820,LHN-TR+36,Teaching Wk2-13
CC0002,NAVIGATING THE DIGITAL WORLD,82445,Tut,T046,Thu,1030to1220,LHN-TR+52,Teaching Wk2-13
CC0002,NAVIGATING THE DIGITAL WORLD,82446,Tut,T047,Thu,1030to1220,LHN-TR+30,Teaching Wk2-13
CC0002,NAVIGATING THE DIGITAL WORLD,82447,Tut,T048,Thu,1030to1220,LHN-TR+36,Teaching Wk2-13
CC0002,NAVIGATING THE DIGITAL WORLD,82448,Tut,T049,Thu,1030to1220,LHN-TR+37,Teaching Wk2-13
CC0002,NAVIGATING THE DIGITAL WORLD,82449,Tut,T050,Thu,1230to1420,LHN-TR+52,Teaching Wk2-13
CC0002,NAVIGATING THE DIGITAL WORLD,82450,Tut,T051,Thu,1230to1420,LHN-TR+30,Teaching Wk2-13
CC0002,NAVIGATING THE DIGITAL WORLD,82451,Tut,T052,Thu,1230to1420,LHN-TR+36,Teaching Wk2-13
CC0002,NAVIGATING THE DIGITAL WORLD,82452,Tut,T053,Thu,1230to1420,LHN-TR+37,Teaching Wk2-13
CC0002,NAVIGATING THE DIGITAL WORLD,82453,Tut,T054,Thu,1430to1620,LHN-TR+52,Teaching Wk2-13
CC0002,NAVIGATING THE DIGITAL WORLD,82454,Tut,T055,Thu,1430to1620,LHN-TR+30,Teaching Wk2-13
CC0002,NAVIGATING THE DIGITAL WORLD,82455,Tut,T056,Thu,1430to1620,LHN-TR+36,Teaching Wk2-13
CC0002,NAVIGATING THE DIGITAL WORLD,82456,Tut,T057,Thu,1430to1620,LHN-TR+37,Teaching Wk2-13
CC0002,NAVIGATING THE DIGITAL WORLD,82457,Tut,T058,Thu,1630to1820,LHN-TR+52,Teaching Wk2-13
CC0002,NAVIGATING THE DIGITAL WORLD,82458,Tut,T059,Thu,1630to1820,LHN-TR+30,Teaching Wk2-13
CC0002,NAVIGATING THE DIGITAL WORLD,82459,Tut,T060,Thu,1630to1820,LHN-TR+36,Teaching Wk2-13
CC0002,NAVIGATING THE DIGITAL WORLD,82460,Tut,T061,Fri,1030to1220,LHN-TR+52,Teaching Wk2-13
CC0002,NAVIGATING THE DIGITAL WORLD,82461,Tut,T062,Fri,1030to1220,LHN-TR+30,Teaching Wk2-13
CC0002,NAVIGATING THE DIGITAL WORLD,82462,Tut,T063,Fri,1030to1220,LHN-TR+36,Teaching Wk2-13
CC0002,NAVIGATING THE DIGITAL WORLD,82463,Tut,T064,Fri,1230to1420,LHN-TR+52,Teaching Wk2-13
CC0002,NAVIGATING THE DIGITAL WORLD,82464,Tut,T065,Fri,1230to1420,LHN-TR+30,Teaching Wk2-13
CC0002,NAVIGATING THE DIGITAL WORLD,82465,Tut,T066,Fri,1230to1420,LHN-TR+36,Teaching Wk2-13
MH1812,DISCRETE MATHEMATICS,10183,Lec/Studio,SCL1,Fri,1530to1620,LT1,Teaching Wk2-13
MH1812,DISCRETE MATHEMATICS,10183,Tut,FCEA,Thu,1530to1620,TR+4,Teaching Wk2-13
MH1812,DISCRETE MATHEMATICS,10184,Lec/Studio,SCL1,Fri,1530to1620,LT1,Teaching Wk1-13
MH1812,DISCRETE MATHEMATICS,10184,Tut,FCEB,Fri,1130to1220,TR+9,Teaching Wk2-13
MH1812,DISCRETE MATHEMATICS,10185,Lec/Studio,SCL1,Fri,1530to1620,LT1,Teaching Wk1-13
MH1812,DISCRETE MATHEMATICS,10185,Tut,FCEC,Thu,1630to1720,TR+3,Teaching Wk2-13
MH1812,DISCRETE MATHEMATICS,10186,Lec/Studio,SCL1,Fri,1530to1620,LT1,Teaching Wk1-13
MH1812,DISCRETE MATHEMATICS,10186,Tut,FCED,Wed,1430to1520,TR+2,Teaching Wk2-13
MH1812,DISCRETE MATHEMATICS,10187,Lec/Studio,SCL1,Fri,1530to1620,LT1,Teaching Wk1-13
MH1812,DISCRETE MATHEMATICS,10187,Tut,FCE1,Fri,1330to1420,TR+5,Teaching Wk2-13
MH1812,DISCRETE MATHEMATICS,10188,Lec/Studio,SCL1,Fri,1530to1620,LT1,Teaching Wk1-13
MH1812,DISCRETE MATHEMATICS,10188,Tut,FCE2,Fri,1330to1420,TR+9,Teaching Wk2-13
MH1812,DISCRETE MATHEMATICS,10189,Lec/Studio,SCL1,Fri,1530to1620,LT1,Teaching Wk1-13
MH1812,DISCRETE MATHEMATICS,10189,Tut,FCE3,Thu,1030to1120,TR+9,Teaching Wk2-13
MH1812,DISCRETE MATHEMATICS,10190,Lec/Studio,SCL1,Fri,1530to1620,LT1,Teaching Wk1-13
MH1812,DISCRETE MATHEMATICS,10190,Tut,FCMA,Fri,1130to1220,TR+3,Teaching Wk2-13
MH1812,DISCRETE MATHEMATICS,10191,Lec/Studio,SCL1,Fri,1530to1620,LT1,Teaching Wk1-13
MH1812,DISCRETE MATHEMATICS,10191,Tut,FDDA,Mon,1430to1520,TR+6,Teaching Wk2-13
MH1812,DISCRETE MATHEMATICS,10192,Lec/Studio,SCL1,Fri,1530to1620,LT1,Teaching Wk1-13
MH1812,DISCRETE MATHEMATICS,10192,Tut,FDDB,Wed,1530to1620,TR+7,Teaching Wk2-13
MH1812,DISCRETE MATHEMATICS,10193,Lec/Studio,SCL1,Fri,1530to1620,LT1,Teaching Wk1-13
MH1812,DISCRETE MATHEMATICS,10193,Tut,FR1,Mon,1430to1520,TR+15,Teaching Wk2-13
MH1812,DISCRETE MATHEMATICS,10194,Lec/Studio,SCL1,Fri,1530to1620,LT1,Teaching Wk1-13
MH1812,DISCRETE MATHEMATICS,10194,Tut,FR2,Tue,0930to1020,TR+9,Teaching Wk2-13
MH1812,DISCRETE MATHEMATICS,10195,Lec/Studio,SCL1,Fri,1530to1620,LT1,Teaching Wk1-13
MH1812,DISCRETE MATHEMATICS,10195,Tut,ECDS1,Mon,1530to1620,TR+16,Teaching Wk2-13
MH1812,DISCRETE MATHEMATICS,10196,Lec/Studio,SCL1,Fri,1530to1620,LT1,Teaching Wk1-13
MH1812,DISCRETE MATHEMATICS,10196,Tut,ECDS2,Mon,1630to1720,TR+20,Teaching Wk2-13
SC1006,COMPUTER ORGANISATION & ARCHITECTURE,10023,Lec/Studio,SCL1,Wed,1130to1220,LT1A,Teaching Wk1-13
SC1006,COMPUTER ORGANISATION & ARCHITECTURE,10023,Lec/Studio,SCL1,Mon,1330to1420,LT1A,Teaching Wk1-13
SC1006,COMPUTER ORGANISATION & ARCHITECTURE,10023,Tut,FCEA,Mon,0930to1020,TR+6,Teaching Wk2-13
SC1006,COMPUTER ORGANISATION & ARCHITECTURE,10023,Lab,FCEA,Mon,1030to1220,HWLAB2,"Teaching Wk1,3,5,7,9,11,13"
SC1006,COMPUTER ORGANISATION & ARCHITECTURE,10024,Lec/Studio,SCL1,Wed,1130to1220,LT1A,Teaching Wk1-13
SC1006,COMPUTER ORGANISATION & ARCHITECTURE,10024,Lec/Studio,SCL1,Mon,1330to1420,LT1A,Teaching Wk1-13
SC1006,COMPUTER ORGANISATION & ARCHITECTURE,10024,Tut,FCEB,Thu,1230to1320,TR+6,Teaching Wk2-13
SC1006,COMPUTER ORGANISATION & ARCHITECTURE,10024,Lab,FCEB,Tue,0830to1020,HWLAB2,"Teaching Wk2,4,6,8,10,12"
SC1006,COMPUTER ORGANISATION & ARCHITECTURE,10025,Lec/Studio,SCL1,Wed,1130to1220,LT1A,Teaching Wk1-13
SC1006,COMPUTER ORGANISATION & ARCHITECTURE,10025,Lec/Studio,SCL1,Mon,1330to1420,LT1A,Teaching Wk1-13
SC1006,COMPUTER ORGANISATION & ARCHITECTURE,10025,Tut,FCEC,Wed,1530to1620,TR+8,Teaching Wk2-13
SC1006,COMPUTER ORGANISATION & ARCHITECTURE,10025,Lab,FCEC,Tue,0830to1020,HWLAB2,"Teaching Wk1,3,5,7,9,11,13"
SC1006,COMPUTER ORGANISATION & ARCHITECTURE,10026,Lec/Studio,SCL1,Wed,1130to1220,LT1A,Teaching Wk1-13
SC1006,COMPUTER ORGANISATION & ARCHITECTURE,10026,Lec/Studio,SCL1,Mon,1330to1420,LT1A,Teaching Wk1-13
SC1006,COMPUTER ORGANISATION & ARCHITECTURE,,Tut,FCED,Tue,0930to1020,TR+17,Teaching Wk2-13
SC1006,COMPUTER ORGANISATION & ARCHITECTURE,10026,Lab,FCED,Fri,1030to1220,HWLAB2,"Teaching Wk1,3,5,7,9,11,13"
SC1006,COMPUTER ORGANISATION & ARCHITECTURE,10027,Lec/Studio,SCL1,Wed,1130to1220,LT1A,Teaching Wk1-13
SC1006,COMPUTER ORGANISATION & ARCHITECTURE,10027,Lec/Studio,SCL1,Mon,1330to1420,LT1A,Teaching Wk1-13
SC1006,COMPUTER ORGANISATION & ARCHITECTURE,10027,Tut,FCE1,Fri,1430to1520,TR+6,Teaching Wk2-13
SC1006,COMPUTER ORGANISATION & ARCHITECTURE,10027,Lab,FCE1,Tue,0830to1020,HWLAB2,"Teaching Wk1,3,5,7,9,11,13"
SC1006,COMPUTER ORGANISATION & ARCHITECTURE,10028,Lec/Studio,SCL1,Wed,1130to1220,LT1A,Teaching Wk1-13
SC1006,COMPUTER ORGANISATION & ARCHITECTURE,10028,Lec/Studio,SCL1,Mon,1330to1420,LT1A,Teaching Wk1-13
SC1006,COMPUTER ORGANISATION & ARCHITECTURE,10028,Tut,FCE2,Wed,1530to1620,TR+2,Teaching Wk2-13
SC1006,COMPUTER ORGANISATION & ARCHITECTURE,10028,Lab,FCE2,Tue,0830to1020,HWLAB2,"Teaching Wk2,4,6,8,10,12"
SC1006,COMPUTER ORGANISATION & ARCHITECTURE,10029,Lec/Studio,SCL1,Wed,1130to1220,LT1A,Teaching Wk1-13
SC1006,COMPUTER ORGANISATION & ARCHITECTURE,10029,Lec/Studio,SCL1,Mon,1330to1420,LT1A,Teaching Wk1-13
SC1006,COMPUTER ORGANISATION & ARCHITECTURE,10029,Tut,FCE3,Tue,1330to1420,TR+5,Teaching Wk2-13
SC1006,COMPUTER ORGANISATION & ARCHITECTURE,10029,Lab,FCE3,Wed,1430to1620,HWLAB2,"Teaching Wk1,3,5,7,9,11,13"
SC1006,COMPUTER ORGANISATION & ARCHITECTURE,10030,Lec/Studio,SCL1,Wed,1130to1220,LT1A,Teaching Wk1-13
SC1006,COMPUTER ORGANISATION & ARCHITECTURE,10030,Lec/Studio,SCL1,Mon,1330to1420,LT1A,Teaching Wk1-13
SC1006,COMPUTER ORGANISATION & ARCHITECTURE,10030,Tut,FCSA,Tue,1230to1320,TR+3,Teaching Wk2-13
SC1006,COMPUTER ORGANISATION & ARCHITECTURE,10030,Lab,FCSA,Wed,1430to1620,HWLAB2,"Teaching Wk2,4,6,8,10,12"
SC1006,COMPUTER ORGANISATION & ARCHITECTURE,10031,Lec/Studio,SCL1,Wed,1130to1220,LT1A,Teaching Wk1-13
SC1006,COMPUTER ORGANISATION & ARCHITECTURE,10031,Lec/Studio,SCL1,Mon,1330to1420,LT1A,Teaching Wk1-13
SC1006,COMPUTER ORGANISATION & ARCHITECTURE,10031,Tut,FCSB,Fri,1030to1120,TR+6,Teaching Wk2-13
SC1006,COMPUTER ORGANISATION & ARCHITECTURE,10031,Lab,FCSB,Wed,1230to1420,HWLAB2,"Teaching Wk1,3,5,7,9,11,13"
SC1006,COMPUTER ORGANISATION & ARCHITECTURE,10032,Lec/Studio,SCL1,Wed,1130to1220,LT1A,Teaching Wk1-13
SC1006,COMPUTER ORGANISATION & ARCHITECTURE,10032,Lec/Studio,SCL1,Mon,1330to1420,LT1A,Teaching Wk1-13
SC1006,COMPUTER ORGANISATION & ARCHITECTURE,10032,Tut,FCSC,Thu,1130to1220,TR+6,Teaching Wk2-13
SC1006,COMPUTER ORGANISATION & ARCHITECTURE,10032,Lab,FCSC,Thu,1430to1620,HWLAB2,"Teaching Wk2,4,6,8,10,12"
SC1006,COMPUTER ORGANISATION & ARCHITECTURE,10033,Lec/Studio,SCL1,Wed,1130to1220,LT1A,Teaching Wk1-13
SC1006,COMPUTER ORGANISATION & ARCHITECTURE,10033,Lec/Studio,SCL1,Mon,1330to1420,LT1A,Teaching Wk1-13
SC1006,COMPUTER ORGANISATION & ARCHITECTURE,10033,Tut,FCSD,Fri,1030to1120,TR+9,Teaching Wk2-13
SC1006,COMPUTER ORGANISATION & ARCHITECTURE,10033,Lab,FCSD,Fri,1230to1420,HWLAB2,"Teaching Wk1,3,5,7,9,11,13"
SC1006,COMPUTER ORGANISATION & ARCHITECTURE,10034,Lec/Studio,SCL1,Wed,1130to1220,LT1A,Teaching Wk1-13
SC1006,COMPUTER ORGANISATION & ARCHITECTURE,10034,Lec/Studio,SCL1,Mon,1330to1420,LT1A,Teaching Wk1-13
SC1006,COMPUTER ORGANISATION & ARCHITECTURE,10034,Tut,FCSE,Wed,0930to1020,TR+6,Teaching Wk2-13
SC1006,COMPUTER ORGANISATION & ARCHITECTURE,10034,Lab,FCSE,Fri,1030to1220,HWLAB2,"Teaching Wk2,4,6,8,10,12"
SC1006,COMPUTER ORGANISATION & ARCHITECTURE,10035,Lec/Studio,SCL1,Wed,1130to1220,LT1A,Teaching Wk1-13
SC1006,COMPUTER ORGANISATION & ARCHITECTURE,10035,Lec/Studio,SCL1,Mon,1330to1420,LT1A,Teaching Wk1-13
SC1006,COMPUTER ORGANISATION & ARCHITECTURE,10035,Tut,FCSF,Mon,1530to1620,TR+3,Teaching Wk2-13
SC1006,COMPUTER ORGANISATION & ARCHITECTURE,10035,Lab,FCSF,Mon,0830to1020,HWLAB2,"Teaching Wk1,3,5,7,9,11,13"
SC1006,COMPUTER ORGANISATION & ARCHITECTURE,10036,Lec/Studio,SCL1,Wed,1130to1220,LT1A,Teaching Wk1-13
SC1006,COMPUTER ORGANISATION & ARCHITECTURE,10036,Lec/Studio,SCL1,Mon,1330to1420,LT1A,Teaching Wk1-13
SC1006,COMPUTER ORGANISATION & ARCHITECTURE,10036,Tut,FCSG,Mon,1030to1120,TR+6,Teaching Wk2-13
SC1006,COMPUTER ORGANISATION & ARCHITECTURE,10036,Lab,FCSG,Mon,0830to1020,HWLAB2,"Teaching Wk2,4,6,8,10,12"
SC1006,COMPUTER ORGANISATION & ARCHITECTURE,10037,Lec/Studio,SCL1,Wed,1130to1220,LT1A,Teaching Wk1-13
SC1006,COMPUTER ORGANISATION & ARCHITECTURE,10037,Lec/Studio,SCL1,Mon,1330to1420,LT1A,Teaching Wk1-13
SC1006,COMPUTER ORGANISATION & ARCHITECTURE,10037,Tut,FCSH,Wed,1230to1320,TR+6,Teaching Wk2-13
SC1006,COMPUTER ORGANISATION & ARCHITECTURE,10037,Lab,FCSH,Thu,1230to1420,HWLAB2,"Teaching Wk2,4,6,8,10,12"
SC1006,COMPUTER ORGANISATION & ARCHITECTURE,10038,Lec/Studio,SCL1,Wed,1130to1220,LT1A,Teaching Wk1-13
SC1006,COMPUTER ORGANISATION & ARCHITECTURE,10038,Lec/Studio,SCL1,Mon,1330to1420,LT1A,Teaching Wk1-13
SC1006,COMPUTER ORGANISATION & ARCHITECTURE,10038,Tut,FCSI,Mon,1530to1620,TR+6,Teaching Wk2-13
SC1006,COMPUTER ORGANISATION & ARCHITECTURE,10038,Lab,FCSI,Wed,1430to1620,HWLAB2,"Teaching Wk2,4,6,8,10,12"
SC1006,COMPUTER ORGANISATION & ARCHITECTURE,10039,Lec/Studio,SCL1,Wed,1130to1220,LT1A,Teaching Wk1-13
SC1006,COMPUTER ORGANISATION & ARCHITECTURE,10039,Lec/Studio,SCL1,Mon,1330to1420,LT1A,Teaching Wk1-13
SC1006,COMPUTER ORGANISATION & ARCHITECTURE,10039,Tut,FCSJ,Tue,0930to1020,TR+2,Teaching Wk2-13
SC1006,COMPUTER ORGANISATION & ARCHITECTURE,10039,Lab,FCSJ,Fri,1230to1420,HWLAB2,"Teaching Wk2,4,6,8,10,12"
SC1006,COMPUTER ORGANISATION & ARCHITECTURE,10040,Lec/Studio,SCL1,Wed,1130to1220,LT1A,Teaching Wk1-13
SC1006,COMPUTER ORGANISATION & ARCHITECTURE,10040,Lec/Studio,SCL1,Mon,1330to1420,LT1A,Teaching Wk1-13
SC1006,COMPUTER ORGANISATION & ARCHITECTURE,10040,Tut,FCS1,Thu,1530to1620,TR+8,Teaching Wk2-13
SC1006,COMPUTER ORGANISATION & ARCHITECTURE,10040,Lab,FCS1,Mon,0830to1020,HWLAB2,"Teaching Wk1,3,5,7,9,11,13"
SC1006,COMPUTER ORGANISATION & ARCHITECTURE,10041,Lec/Studio,SCL1,Wed,1130to1220,LT1A,Teaching Wk1-13
SC1006,COMPUTER ORGANISATION & ARCHITECTURE,10041,Lec/Studio,SCL1,Mon,1330to1420,LT1A,Teaching Wk1-13
SC1006,COMPUTER ORGANISATION & ARCHITECTURE,10041,Tut,FCS2,Fri,1430to1520,TR+4,Teaching Wk2-13
SC1006,COMPUTER ORGANISATION & ARCHITECTURE,10041,Lab,FCS2,Thu,1430to1620,HWLAB2,"Teaching Wk1,3,5,7,9,11,13"
SC1006,COMPUTER ORGANISATION & ARCHITECTURE,10042,Lec/Studio,SCL1,Wed,1130to1220,LT1A,Teaching Wk1-13
SC1006,COMPUTER ORGANISATION & ARCHITECTURE,10042,Lec/Studio,SCL1,Mon,1330to1420,LT1A,Teaching Wk1-13
SC1006,COMPUTER ORGANISATION & ARCHITECTURE,10042,Tut,FCS3,Tue,1230to1320,TR+4,Teaching Wk2-13
SC1006,COMPUTER ORGANISATION & ARCHITECTURE,10042,Lab,FCS3,Mon,1430to1620,HWLAB2,"Teaching Wk2,4,6,8,10,12"
SC1006,COMPUTER ORGANISATION & ARCHITECTURE,10043,Lec/Studio,SCL1,Wed,1130to1220,LT1A,Teaching Wk1-13
SC1006,COMPUTER ORGANISATION & ARCHITECTURE,10043,Lec/Studio,SCL1,Mon,1330to1420,LT1A,Teaching Wk1-13
SC1006,COMPUTER ORGANISATION & ARCHITECTURE,10043,Tut,FCS4,Fri,1130to1220,TR+5,Teaching Wk2-13
SC1006,COMPUTER ORGANISATION & ARCHITECTURE,10043,Lab,FCS4,Thu,1230to1420,HWLAB2,"Teaching Wk1,3,5,7,9,11,13"
SC1006,COMPUTER ORGANISATION & ARCHITECTURE,10044,Lec/Studio,SCL1,Wed,1130to1220,LT1A,Teaching Wk1-13
SC1006,COMPUTER ORGANISATION & ARCHITECTURE,10044,Lec/Studio,SCL1,Mon,1330to1420,LT1A,Teaching Wk1-13
SC1006,COMPUTER ORGANISATION & ARCHITECTURE,10044,Tut,FCS5,Wed,1430to1520,TR+6,Teaching Wk2-13
SC1006,COMPUTER ORGANISATION & ARCHITECTURE,10044,Lab,FCS5,Mon,1430to1620,HWLAB2,"Teaching Wk1,3,5,7,9,11,13"
SC1006,COMPUTER ORGANISATION & ARCHITECTURE,10045,Lec/Studio,SCL1,Wed,1130to1220,LT1A,Teaching Wk1-13
SC1006,COMPUTER ORGANISATION & ARCHITECTURE,10045,Lec/Studio,SCL1,Mon,1330to1420,LT1A,Teaching Wk1-13
SC1006,COMPUTER ORGANISATION & ARCHITECTURE,10045,Tut,FCS6,Mon,0930to1020,TR+5,Teaching Wk2-13
SC1006,COMPUTER ORGANISATION & ARCHITECTURE,10045,Lab,FCS6,Wed,1230to1420,HWLAB2,"Teaching Wk2,4,6,8,10,12"
SC1006,COMPUTER ORGANISATION & ARCHITECTURE,10046,Lec/Studio,SCL1,Wed,1130to1220,LT1A,Teaching Wk1-13
SC1006,COMPUTER ORGANISATION & ARCHITECTURE,10046,Lec/Studio,SCL1,Mon,1330to1420,LT1A,Teaching Wk1-13
SC1006,COMPUTER ORGANISATION & ARCHITECTURE,10046,Tut,FCMB,Thu,1630to1720,TR+7,Teaching Wk2-13
SC1006,COMPUTER ORGANISATION & ARCHITECTURE,10046,Lab,FCMB,Wed,1230to1420,HWLAB2,"Teaching Wk2,4,6,8,10,12"
SC1006,COMPUTER ORGANISATION & ARCHITECTURE,10047,Lec/Studio,SCL1,Wed,1130to1220,LT1A,Teaching Wk1-13
SC1006,COMPUTER ORGANISATION & ARCHITECTURE,10047,Lec/Studio,SCL1,Mon,1330to1420,LT1A,Teaching Wk1-13
SC1006,COMPUTER ORGANISATION & ARCHITECTURE,10047,Tut,FCMC,Tue,1630to1720,TR+3,Teaching Wk2-13
SC1006,COMPUTER ORGANISATION & ARCHITECTURE,10047,Lab,FCMC,Thu,1430to1620,HWLAB2,"Teaching Wk1,3,5,7,9,11,13"
SC1006,COMPUTER ORGANISATION & ARCHITECTURE,10048,Lec/Studio,SCL1,Wed,1130to1220,LT1A,Teaching Wk1-13
SC1006,COMPUTER ORGANISATION & ARCHITECTURE,10048,Lec/Studio,SCL1,Mon,1330to1420,LT1A,Teaching Wk1-13
SC1006,COMPUTER ORGANISATION & ARCHITECTURE,10048,Tut,MACS,Mon,1030to1120,TR+6,Teaching Wk2-13
SC1006,COMPUTER ORGANISATION & ARCHITECTURE,10048,Lab,MACS,Thu,1430to1620,HWLAB2,"Teaching Wk2,4,6,8,10,12"
SC1006,COMPUTER ORGANISATION & ARCHITECTURE,10998,Lec/Studio,SCL1,Wed,1130to1220,LT1A,Teaching Wk1-13
SC1006,COMPUTER ORGANISATION & ARCHITECTURE,10998,Lec/Studio,SCL1,Mon,1330to1420,LT1A,Teaching Wk1-13
SC1006,COMPUTER ORGANISATION & ARCHITECTURE,10998,Tut,TAISP,Tue,1630to1720,TR+7,Teaching Wk2-13
SC1006,COMPUTER ORGANISATION & ARCHITECTURE,10998,Lab,TAISP,Fri,1430to1620,HWLAB2,"Teaching Wk1,3,5,7,9,11,13"
SC1007,DATA STRUCTURES & ALGORITHMS,10049,Lec/Studio,SCL1,Tue,1430to1620,LKC-LT,Teaching Wk1-13
SC1007,DATA STRUCTURES & ALGORITHMS,10049,Tut,FCEA,Wed,0930to1020,TR+15,Teaching Wk2-13
SC1007,DATA STRUCTURES & ALGORITHMS,10049,Lab,FCEA,Wed,1230to1420,SWLAB2,Teaching Wk2-13
SC1007,DATA STRUCTURES & ALGORITHMS,10050,Lec/Studio,SCL1,Tue,1430to1620,LKC-LT,Teaching Wk1-13
SC1007,DATA STRUCTURES & ALGORITHMS,10050,Tut,FCEB,Thu,1530to1620,TR+1,Teaching Wk2-13
SC1007,DATA STRUCTURES & ALGORITHMS,10050,Lab,FCEB,Mon,1030to1220,HWLAB2,Teaching Wk2-13
SC1007,DATA STRUCTURES & ALGORITHMS,10051,Lec/Studio,SCL1,Tue,1430to1620,LKC-LT,Teaching Wk1-13
SC1007,DATA STRUCTURES & ALGORITHMS,10051,Tut,FCEC,Mon,1530to1620,TR+1,Teaching Wk2-13
SC1007,DATA STRUCTURES & ALGORITHMS,10051,Lab,FCEC,Wed,1230to1420,HWLAB2,Teaching Wk2-13
SC1007,DATA STRUCTURES & ALGORITHMS,10052,Lec/Studio,SCL1,Tue,1430to1620,LKC-LT,Teaching Wk1-13
SC1007,DATA STRUCTURES & ALGORITHMS,10052,Tut,FCED,Thu,1530to1620,TR+2,Teaching Wk2-13
SC1007,DATA STRUCTURES & ALGORITHMS,10052,Lab,FCED,Tue,1030to1220,SWLAB2,Teaching Wk2-13
SC1007,DATA STRUCTURES & ALGORITHMS,10053,Lec/Studio,SCL1,Tue,1430to1620,LKC-LT,Teaching Wk1-13
SC1007,DATA STRUCTURES & ALGORITHMS,10053,Tut,FCE1,Thu,1630to1720,TR+1,Teaching Wk2-13
SC1007,DATA STRUCTURES & ALGORITHMS,10053,Lab,FCE1,Mon,1430to1620,HWLAB2,Teaching Wk2-13
SC1007,DATA STRUCTURES & ALGORITHMS,10054,Lec/Studio,SCL1,Tue,1430to1620,LKC-LT,Teaching Wk1-13
SC1007,DATA STRUCTURES & ALGORITHMS,10054,Tut,FCE2,Wed,0930to1020,TR+2,Teaching Wk2-13
SC1007,DATA STRUCTURES & ALGORITHMS,10054,Lab,FCE2,Mon,1430to1620,SWLAB2,Teaching Wk2-13
SC1007,DATA STRUCTURES & ALGORITHMS,10055,Lec/Studio,SCL1,Tue,1430to1620,LKC-LT,Teaching Wk1-13
SC1007,DATA STRUCTURES & ALGORITHMS,10055,Tut,FCE3,Mon,1030to1120,TR+3,Teaching Wk2-13
SC1007,DATA STRUCTURES & ALGORITHMS,10055,Lab,FCE3,Thu,1230to1420,HWLAB2,Teaching Wk2-13
SC1007,DATA STRUCTURES & ALGORITHMS,10056,Lec/Studio,SCL1,Tue,1430to1620,LKC-LT,Teaching Wk1-13
SC1007,DATA STRUCTURES & ALGORITHMS,10055,Tut,FCSA,Fri,1330to1420,TR+4,Teaching Wk2-13
SC1007,DATA STRUCTURES & ALGORITHMS,10055,Lab,FCSA,Thu,1230to1420,SWLAB2,Teaching Wk2-13
SC1007,DATA STRUCTURES & ALGORITHMS,10057,Lec/Studio,SCL1,Tue,1430to1620,LKC-LT,Teaching Wk1-13
SC1007,DATA STRUCTURES & ALGORITHMS,10057,Tut,FCSB,Thu,1330to1420,TR+6,Teaching Wk2-13
SC1007,DATA STRUCTURES & ALGORITHMS,10057,Lab,FCSB,Tue,1230to1420,SWLAB2,Teaching Wk2-13
SC1007,DATA STRUCTURES & ALGORITHMS,10058,Lec/Studio,SCL1,Tue,1430to1620,LKC-LT,Teaching Wk1-13
SC1007,DATA STRUCTURES & ALGORITHMS,10058,Tut,FCSC,Tue,0930to1020,TR+3,Teaching Wk2-13
SC1007,DATA STRUCTURES & ALGORITHMS,10058,Lab,FCSC,Wed,0830to1020,HWLAB2,Teaching Wk2-13
SC1007,DATA STRUCTURES & ALGORITHMS,10059,Lec/Studio,SCL1,Tue,1430to1620,LKC-LT,Teaching Wk1-13
SC1007,DATA STRUCTURES & ALGORITHMS,10059,Tut,FCSD,Tue,0930to1020,TR+4,Teaching Wk2-13
SC1007,DATA STRUCTURES & ALGORITHMS,10059,Lab,FCSD,Mon,1030to1220,HWLAB2,Teaching Wk2-13
SC1007,DATA STRUCTURES & ALGORITHMS,10060,Lec/Studio,SCL1,Tue,1430to1620,LKC-LT,Teaching Wk1-13
SC1007,DATA STRUCTURES & ALGORITHMS,10060,Tut,FCSE,Mon,1030to1120,TR+1,Teaching Wk2-13
SC1007,DATA STRUCTURES & ALGORITHMS,10060,Lab,FCSE,Fri,1230to1420,HWLAB2,Teaching Wk2-13
SC1007,DATA STRUCTURES & ALGORITHMS,10061,Lec/Studio,SCL1,Tue,1430to1620,LKC-LT,Teaching Wk1-13
SC1007,DATA STRUCTURES & ALGORITHMS,10061,Tut,FCSF,Wed,1230to1320,TR+9,Teaching Wk2-13
SC1007,DATA STRUCTURES & ALGORITHMS,10061,Lab,FCSF,Tue,0830to1020,HWLAB2,Teaching Wk2-13
SC1007,DATA STRUCTURES & ALGORITHMS,10062,Lec/Studio,SCL1,Tue,1430to1620,LKC-LT,Teaching Wk1-13
SC1007,DATA STRUCTURES & ALGORITHMS,10062,Tut,FCSG,Wed,1330to1420,TR+1,Teaching Wk2-13
SC1007,DATA STRUCTURES & ALGORITHMS,10062,Lab,FCSG,Thu,1430to1620,HWLAB2,Teaching Wk2-13
SC1007,DATA STRUCTURES & ALGORITHMS,10063,Lec/Studio,SCL1,Tue,1430to1620,LKC-LT,Teaching Wk1-13
SC1007,DATA STRUCTURES & ALGORITHMS,10063,Tut,FCSH,Fri,0930to1020,TR+2,Teaching Wk2-13
SC1007,DATA STRUCTURES & ALGORITHMS,10063,Lab,FCSH,Thu,1030to1220,SWLAB2,Teaching Wk2-13
SC1007,DATA STRUCTURES & ALGORITHMS,10064,Lec/Studio,SCL1,Tue,1430to1620,LKC-LT,Teaching Wk1-13
SC1007,DATA STRUCTURES & ALGORITHMS,10064,Tut,FCSI,Wed,1330to1420,TR+6,Teaching Wk2-13
SC1007,DATA STRUCTURES & ALGORITHMS,10064,Lab,FCSI,Tue,1230to1420,HWLAB3,Teaching Wk2-13
SC1007,DATA STRUCTURES & ALGORITHMS,10065,Lec/Studio,SCL1,Tue,1430to1620,LKC-LT,Teaching Wk1-13
SC1007,DATA STRUCTURES & ALGORITHMS,10065,Tut,FCSJ,Mon,1630to1720,TR+3,Teaching Wk2-13
SC1007,DATA STRUCTURES & ALGORITHMS,10065,Lab,FCSJ,Tue,1230to1420,HWLAB2,Teaching Wk2-13
SC1007,DATA STRUCTURES & ALGORITHMS,10066,Lec/Studio,SCL1,Tue,1430to1620,LKC-LT,Teaching Wk1-13
SC1007,DATA STRUCTURES & ALGORITHMS,10066,Tut,FCS1,Thu,1030to1120,TR+8,Teaching Wk2-13
SC1007,DATA STRUCTURES & ALGORITHMS,10066,Lab,FCS1,Wed,0830to1020,SWLAB2,Teaching Wk2-13
SC1007,DATA STRUCTURES & ALGORITHMS,10067,Lec/Studio,SCL1,Tue,1430to1620,LKC-LT,Teaching Wk1-13
SC1007,DATA STRUCTURES & ALGORITHMS,10067,Tut,FCS2,Wed,1430to1520,TR+4,Teaching Wk2-13
SC1007,DATA STRUCTURES & ALGORITHMS,10067,Lab,FCS2,Fri,1230to1420,HWLAB3,Teaching Wk2-13
SC1007,DATA STRUCTURES & ALGORITHMS,10068,Lec/Studio,SCL1,Tue,1430to1620,LKC-LT,Teaching Wk1-13
SC1007,DATA STRUCTURES & ALGORITHMS,10068,Tut,FCS3,Fri,1230to1320,TR+4,Teaching Wk2-13
SC1007,DATA STRUCTURES & ALGORITHMS,10068,Lab,FCS3,Fri,1430to1620,HWLAB2,Teaching Wk2-13
SC1007,DATA STRUCTURES & ALGORITHMS,10069,Lec/Studio,SCL1,Tue,1430to1620,LKC-LT,Teaching Wk1-13
SC1007,DATA STRUCTURES & ALGORITHMS,10069,Tut,FCS4,Fri,1030to1120,TR+5,Teaching Wk2-13
SC1007,DATA STRUCTURES & ALGORITHMS,10069,Lab,FCS4,Wed,1430to1620,HWLAB1,Teaching Wk2-13
SC1007,DATA STRUCTURES & ALGORITHMS,10070,Lec/Studio,SCL1,Tue,1430to1620,LKC-LT,Teaching Wk1-13
SC1007,DATA STRUCTURES & ALGORITHMS,10070,Tut,FCS5,Fri,1430to1520,TR+3,Teaching Wk2-13
SC1007,DATA STRUCTURES & ALGORITHMS,10070,Lab,FCS5,Tue,0830to1020,HWLAB1,Teaching Wk2-13
SC1007,DATA STRUCTURES & ALGORITHMS,10071,Lec/Studio,SCL1,Tue,1430to1620,LKC-LT,Teaching Wk1-13
SC1007,DATA STRUCTURES & ALGORITHMS,10071,Tut,FCS6,Fri,1030to1120,TR+2,Teaching Wk2-13
SC1007,DATA STRUCTURES & ALGORITHMS,10071,Lab,FCS6,Thu,1430to1620,SWLAB2,Teaching Wk2-13
SC1007,DATA STRUCTURES & ALGORITHMS,10072,Lec/Studio,SCL1,Tue,1430to1620,LKC-LT,Teaching Wk1-13
SC1007,DATA STRUCTURES & ALGORITHMS,10072,Tut,FCMA,Tue,1630to1720,TR+2,Teaching Wk2-13
SC1007,DATA STRUCTURES & ALGORITHMS,10072,Lab,FCMA,Mon,1430to1620,HWLAB1,Teaching Wk2-13
SC1007,DATA STRUCTURES & ALGORITHMS,10073,Lec/Studio,SCL1,Tue,1430to1620,LKC-LT,Teaching Wk1-13
SC1007,DATA STRUCTURES & ALGORITHMS,10073,Tut,FCMB,Tue,1630to1720,TR+4,Teaching Wk2-13
SC1007,DATA STRUCTURES & ALGORITHMS,10073,Lab,FCMB,Mon,0830to1020,HWLAB3,Teaching Wk2-13
SC1007,DATA STRUCTURES & ALGORITHMS,10074,Lec/Studio,SCL1,Tue,1430to1620,LKC-LT,Teaching Wk1-13
SC1007,DATA STRUCTURES & ALGORITHMS,10074,Tut,FCMC,Thu,1630to1720,TR+5,Teaching Wk2-13
SC1007,DATA STRUCTURES & ALGORITHMS,10074,Lab,FCMC,Thu,0830to1020,HWLAB2,Teaching Wk2-13
SC1007,DATA STRUCTURES & ALGORITHMS,10075,Lec/Studio,SCL1,Tue,1430to1620,LKC-LT,Teaching Wk1-13
SC1007,DATA STRUCTURES & ALGORITHMS,10075,Tut,FDAA,Wed,1530to1620,TR+15,Teaching Wk2-13
SC1007,DATA STRUCTURES & ALGORITHMS,10075,Lab,FDAA,Thu,1030to1220,HWLAB2,Teaching Wk2-13
SC1007,DATA STRUCTURES & ALGORITHMS,10076,Lec/Studio,SCL1,Tue,1430to1620,LKC-LT,Teaching Wk1-13
SC1007,DATA STRUCTURES & ALGORITHMS,10076,Tut,FDAB,Wed,1230to1320,TR+5,Teaching Wk2-13
SC1007,DATA STRUCTURES & ALGORITHMS,10076,Lab,FDAB,Mon,1230to1420,SWLAB2,Teaching Wk2-13
SC1007,DATA STRUCTURES & ALGORITHMS,10077,Lec/Studio,SCL1,Tue,1430to1620,LKC-LT,Teaching Wk1-13
SC1007,DATA STRUCTURES & ALGORITHMS,10077,Tut,FDAC,Thu,1030to1120,TR+2,Teaching Wk2-13
SC1007,DATA STRUCTURES & ALGORITHMS,10077,Lab,FDAC,Wed,1430to1620,HWLAB2,Teaching Wk2-13
SC1007,DATA STRUCTURES & ALGORITHMS,10078,Lec/Studio,SCL1,Tue,1430to1620,LKC-LT,Teaching Wk1-13
SC1007,DATA STRUCTURES & ALGORITHMS,10078,Tut,FDAD,Wed,1330to1420,TR+2,Teaching Wk2-13
SC1007,DATA STRUCTURES & ALGORITHMS,10078,Lab,FDAD,Mon,1230to1420,HWLAB2,Teaching Wk2-13
SC1007,DATA STRUCTURES & ALGORITHMS,10079,Lec/Studio,SCL1,Tue,1430to1620,LKC-LT,Teaching Wk1-13
SC1007,DATA STRUCTURES & ALGORITHMS,10079,Tut,FDAE,Fri,1530to1620,TR+1,Teaching Wk2-13
SC1007,DATA STRUCTURES & ALGORITHMS,10079,Lab,FDAE,Wed,1030to1220,HWLAB2,Teaching Wk2-13
SC1007,DATA STRUCTURES & ALGORITHMS,10080,Lec/Studio,SCL1,Tue,1430to1620,LKC-LT,Teaching Wk1-13
SC1007,DATA STRUCTURES & ALGORITHMS,10080,Tut,FDAF,Fri,1330to1420,TR+6,Teaching Wk2-13
SC1007,DATA STRUCTURES & ALGORITHMS,10080,Lab,FDAF,Fri,1430to1620,HWLAB2,Teaching Wk2-13
SC1007,DATA STRUCTURES & ALGORITHMS,10081,Lec/Studio,SCL1,Tue,1430to1620,LKC-LT,Teaching Wk1-13
SC1007,DATA STRUCTURES & ALGORITHMS,10081,Tut,FDDA,Thu,1230to1320,TR+16,Teaching Wk2-13
SC1007,DATA STRUCTURES & ALGORITHMS,10081,Lab,FDDA,Wed,1430to1620,SWLAB2,Teaching Wk2-13
SC1007,DATA STRUCTURES & ALGORITHMS,10082,Lec/Studio,SCL1,Tue,1430to1620,LKC-LT,Teaching Wk1-13
SC1007,DATA STRUCTURES & ALGORITHMS,10082,Tut,FDDB,Fri,0930to1020,TR+9,Teaching Wk2-13
SC1007,DATA STRUCTURES & ALGORITHMS,10082,Lab,FDDB,Fri,1030to1220,HWLAB3,Teaching Wk2-13
SC1007,DATA STRUCTURES & ALGORITHMS,10083,Lec/Studio,SCL1,Tue,1430to1620,LKC-LT,Teaching Wk1-13
SC1007,DATA STRUCTURES & ALGORITHMS,10083,Tut,ACDA,Thu,1230to1320,TR+2,Teaching Wk2-13
SC1007,DATA STRUCTURES & ALGORITHMS,10083,Lab,ACDA,Wed,1030to1220,SWLAB2,Teaching Wk2-13
SC1007,DATA STRUCTURES & ALGORITHMS,10084,Lec/Studio,SCL1,Tue,1430to1620,LKC-LT,Teaching Wk1-13
SC1007,DATA STRUCTURES & ALGORITHMS,10084,Tut,BACF,Mon,1530to1620,TR+23,Teaching Wk2-13
SC1007,DATA STRUCTURES & ALGORITHMS,10084,Lab,BACF,Mon,1230to1420,HWLAB2,Teaching Wk2-13
SC1007,DATA STRUCTURES & ALGORITHMS,10085,Lec/Studio,SCL1,Tue,1430to1620,LKC-LT,Teaching Wk1-13
SC1007,DATA STRUCTURES & ALGORITHMS,10085,Tut,MACS,Fri,1430to1520,TR+20,Teaching Wk2-13
SC1007,DATA STRUCTURES & ALGORITHMS,10085,Lab,MACS,Fri,1030to1220,HWLAB2,Teaching Wk2-13
SC1007,DATA STRUCTURES & ALGORITHMS,10086,Lec/Studio,SCL1,Tue,1430to1620,LKC-LT,Teaching Wk1-13
SC1007,DATA STRUCTURES & ALGORITHMS,10086,Tut,ECDS,Fri,1630to1720,TR+20,Teaching Wk2-13
SC1007,DATA STRUCTURES & ALGORITHMS,10086,Lab,ECDS,Fri,1030to1220,HWLAB2,Teaching Wk2-13
SC1008,C & C++ PROGRAMMING,10087,Lec/Studio,SCL1,Wed,1630to1720,ONLINE,Teaching Wk1-13
SC1008,C & C++ PROGRAMMING,10087,Tut,FCEA,Thu,1230to1320,SWLAB1,Teaching Wk2-13
SC1008,C & C++ PROGRAMMING,10087,Lab,FCEA,Thu,1330to1420,SWLAB1,Teaching Wk2-13
SC1008,C & C++ PROGRAMMING,10088,Lec/Studio,SCL1,Wed,1630to1720,ONLINE,Teaching Wk1-13
SC1008,C & C++ PROGRAMMING,10088,Tut,FCEB,Fri,1230to1320,HPL,Teaching Wk2-13
SC1008,C & C++ PROGRAMMING,10088,Lab,FCEB,Fri,1330to1420,HPL,Teaching Wk2-13
SC1008,C & C++ PROGRAMMING,10089,Lec/Studio,SCL1,Wed,1630to1720,ONLINE,Teaching Wk1-13
SC1008,C & C++ PROGRAMMING,10089,Tut,FCEC,Thu,0830to0920,HPL,Teaching Wk2-13
SC1008,C & C++ PROGRAMMING,10089,Lab,FCEC,Thu,0930to1020,HPL,Teaching Wk2-13
SC1008,C & C++ PROGRAMMING,10090,Lec/Studio,SCL1,Wed,1630to1720,ONLINE,Teaching Wk1-13
SC1008,C & C++ PROGRAMMING,10090,Tut,FCED,Mon,1030to1120,SPL,Teaching Wk2-13
SC1008,C & C++ PROGRAMMING,10090,Lab,FCED,Mon,1130to1220,SPL,Teaching Wk2-13
SC1008,C & C++ PROGRAMMING,10091,Lec/Studio,SCL1,Wed,1630to1720,ONLINE,Teaching Wk1-13
SC1008,C & C++ PROGRAMMING,10091,Tut,FCE1,Wed,1430to1520,SPL,Teaching Wk2-13
SC1008,C & C++ PROGRAMMING,10091,Lab,FCE1,Wed,1530to1620,SPL,Teaching Wk2-13
SC1008,C & C++ PROGRAMMING,10092,Lec/Studio,SCL1,Wed,1630to1720,ONLINE,Teaching Wk1-13
SC1008,C & C++ PROGRAMMING,10092,Tut,FCE2,Thu,0830to0920,SWLAB1,Teaching Wk2-13
SC1008,C & C++ PROGRAMMING,10092,Lab,FCE2,Thu,0930to1020,SWLAB1,Teaching Wk2-13
SC1008,C & C++ PROGRAMMING,10093,Lec/Studio,SCL1,Wed,1630to1720,ONLINE,Teaching Wk1-13
SC1008,C & C++ PROGRAMMING,10093,Tut,FCE3,Tue,0830to0920,SPL,Teaching Wk2-13
SC1008,C & C++ PROGRAMMING,10093,Lab,FCE3,Tue,0930to1020,SPL,Teaching Wk2-13
SC1008,C & C++ PROGRAMMING,10094,Lec/Studio,SCL1,Wed,1630to1720,ONLINE,Teaching Wk1-13
SC1008,C & C++ PROGRAMMING,10094,Tut,FCSA,Fri,1030to1120,HPL,Teaching Wk2-13
SC1008,C & C++ PROGRAMMING,10094,Lab,FCSA,Fri,1130to1220,HPL,Teaching Wk2-13
SC1008,C & C++ PROGRAMMING,10095,Lec/Studio,SCL1,Wed,1630to1720,ONLINE,Teaching Wk1-13
SC1008,C & C++ PROGRAMMING,10095,Tut,FCSB,Thu,1030to1120,SPL,Teaching Wk2-13
SC1008,C & C++ PROGRAMMING,10095,Lab,FCSB,Thu,1130to1220,SPL,Teaching Wk2-13
SC1008,C & C++ PROGRAMMING,10096,Lec/Studio,SCL1,Wed,1630to1720,ONLINE,Teaching Wk1-13
SC1008,C & C++ PROGRAMMING,10096,Tut,FCSC,Mon,1430to1520,SPL,Teaching Wk2-13
SC1008,C & C++ PROGRAMMING,10096,Lab,FCSC,Mon,1530to1620,SPL,Teaching Wk2-13
SC1008,C & C++ PROGRAMMING,10097,Lec/Studio,SCL1,Wed,1630to1720,ONLINE,Teaching Wk1-13
SC1008,C & C++ PROGRAMMING,10097,Tut,FCSD,Wed,1230to1320,HPL,Teaching Wk2-13
SC1008,C & C++ PROGRAMMING,10097,Lab,FCSD,Wed,1330to1420,HPL,Teaching Wk2-13
SC1008,C & C++ PROGRAMMING,10098,Lec/Studio,SCL1,Wed,1630to1720,ONLINE,Teaching Wk1-13
SC1008,C & C++ PROGRAMMING,10098,Tut,FCSE,Tue,1230to1320,SPL,Teaching Wk2-13
SC1008,C & C++ PROGRAMMING,10098,Lab,FCSE,Tue,1330to1420,SPL,Teaching Wk2-13
SC1008,C & C++ PROGRAMMING,10099,Lec/Studio,SCL1,Wed,1630to1720,ONLINE,Teaching Wk1-13
SC1008,C & C++ PROGRAMMING,10099,Tut,FCSF,Thu,1430to1520,HPL,Teaching Wk2-13
SC1008,C & C++ PROGRAMMING,10099,Lab,FCSF,Thu,1530to1620,HPL,Teaching Wk2-13
SC1008,C & C++ PROGRAMMING,10100,Lec/Studio,SCL1,Wed,1630to1720,ONLINE,Teaching Wk1-13
SC1008,C & C++ PROGRAMMING,10100,Tut,FCSG,Thu,1230to1320,HPL,Teaching Wk2-13
SC1008,C & C++ PROGRAMMING,10100,Lab,FCSG,Thu,1330to1420,HPL,Teaching Wk2-13
SC1008,C & C++ PROGRAMMING,10101,Lec/Studio,SCL1,Wed,1630to1720,ONLINE,Teaching Wk1-13
SC1008,C & C++ PROGRAMMING,10101,Tut,FCSH,Fri,1430to1520,SPL,Teaching Wk2-13
SC1008,C & C++ PROGRAMMING,10101,Lab,FCSH,Fri,1530to1620,SPL,Teaching Wk2-13
SC1008,C & C++ PROGRAMMING,10102,Lec/Studio,SCL1,Wed,1630to1720,ONLINE,Teaching Wk1-13
SC1008,C & C++ PROGRAMMING,10102,Tut,FCSI,Tue,0830to0920,HPL,Teaching Wk2-13
SC1008,C & C++ PROGRAMMING,10102,Lab,FCSI,Tue,0930to1020,HPL,Teaching Wk2-13
SC1008,C & C++ PROGRAMMING,10103,Lec/Studio,SCL1,Wed,1630to1720,ONLINE,Teaching Wk1-13
SC1008,C & C++ PROGRAMMING,10103,Tut,FCSJ,Mon,1030to1120,SWLAB1,Teaching Wk2-13
SC1008,C & C++ PROGRAMMING,10103,Lab,FCSJ,Mon,1130to1220,SWLAB1,Teaching Wk2-13
SC1008,C & C++ PROGRAMMING,10104,Lec/Studio,SCL1,Wed,1630to1720,ONLINE,Teaching Wk1-13
SC1008,C & C++ PROGRAMMING,10104,Tut,FCS1,Wed,1230to1320,HPL,Teaching Wk2-13
SC1008,C & C++ PROGRAMMING,10104,Lab,FCS1,Wed,1330to1420,HPL,Teaching Wk2-13
SC1008,C & C++ PROGRAMMING,10105,Lec/Studio,SCL1,Wed,1630to1720,ONLINE,Teaching Wk1-13
SC1008,C & C++ PROGRAMMING,10105,Tut,FCS2,Thu,1030to1120,HPL,Teaching Wk2-13
SC1008,C & C++ PROGRAMMING,10105,Lab,FCS2,Thu,1130to1220,HPL,Teaching Wk2-13
SC1008,C & C++ PROGRAMMING,10106,Lec/Studio,SCL1,Wed,1630to1720,ONLINE,Teaching Wk1-13
SC1008,C & C++ PROGRAMMING,10106,Tut,FCS3,Fri,1030to1120,SPL,Teaching Wk2-13
SC1008,C & C++ PROGRAMMING,10106,Lab,FCS3,Fri,1130to1220,SPL,Teaching Wk2-13
SC1008,C & C++ PROGRAMMING,10107,Lec/Studio,SCL1,Wed,1630to1720,ONLINE,Teaching Wk1-13
SC1008,C & C++ PROGRAMMING,10107,Tut,FCS4,Thu,1430to1520,SPL,Teaching Wk2-13
SC1008,C & C++ PROGRAMMING,10107,Lab,FCS4,Thu,1530to1620,SPL,Teaching Wk2-13
SC1008,C & C++ PROGRAMMING,10108,Lec/Studio,SCL1,Wed,1630to1720,ONLINE,Teaching Wk1-13
SC1008,C & C++ PROGRAMMING,10108,Tut,FCS5,Wed,0830to0920,SWLAB1,Teaching Wk2-13
SC1008,C & C++ PROGRAMMING,10108,Lab,FCS5,Wed,0930to1020,SWLAB1,Teaching Wk2-13
SC1008,C & C++ PROGRAMMING,10109,Lec/Studio,SCL1,Wed,1630to1720,ONLINE,Teaching Wk1-13
SC1008,C & C++ PROGRAMMING,10109,Tut,FCS6,Fri,1230to1320,SPL,Teaching Wk2-13
SC1008,C & C++ PROGRAMMING,10109,Lab,FCS6,Fri,1330to1420,SPL,Teaching Wk2-13
SC1008,C & C++ PROGRAMMING,10110,Lec/Studio,SCL1,Wed,1630to1720,ONLINE,Teaching Wk1-13
SC1008,C & C++ PROGRAMMING,10110,Tut,FCMA,Mon,1230to1320,SPL,Teaching Wk2-13
SC1008,C & C++ PROGRAMMING,10110,Lab,FCMA,Mon,1330to1420,SPL,Teaching Wk2-13
SC1008,C & C++ PROGRAMMING,10111,Lec/Studio,SCL1,Wed,1630to1720,ONLINE,Teaching Wk1-13
SC1008,C & C++ PROGRAMMING,10111,Tut,FCMB,Tue,0830to0920,SWLAB1,Teaching Wk2-13
SC1008,C & C++ PROGRAMMING,10111,Lab,FCMB,Tue,0930to1020,SWLAB1,Teaching Wk2-13
SC1008,C & C++ PROGRAMMING,10112,Lec/Studio,SCL1,Wed,1630to1720,ONLINE,Teaching Wk1-13
SC1008,C & C++ PROGRAMMING,10112,Tut,FCMC,Mon,1430to1520,HPL,Teaching Wk2-13
SC1008,C & C++ PROGRAMMING,10112,Lab,FCMC,Mon,1530to1620,HPL,Teaching Wk2-13
SC1008,C & C++ PROGRAMMING,10113,Lec/Studio,SCL1,Wed,1630to1720,ONLINE,Teaching Wk1-13
SC1008,C & C++ PROGRAMMING,10113,Tut,FDDA,Tue,1230to1320,SPL,Teaching Wk2-13
SC1008,C & C++ PROGRAMMING,10113,Lab,FDDA,Tue,1330to1420,SPL,Teaching Wk2-13
SC1008,C & C++ PROGRAMMING,10114,Lec/Studio,SCL1,Wed,1630to1720,ONLINE,Teaching Wk1-13
SC1008,C & C++ PROGRAMMING,10114,Tut,FDDB,Tue,1230to1320,HPL,Teaching Wk2-13
SC1008,C & C++ PROGRAMMING,10114,Lab,FDDB,Tue,1330to1420,HPL,Teaching Wk2-13
SC1008,C & C++ PROGRAMMING,10997,Lec/Studio,SCL1,Wed,1630to1720,ONLINE,Teaching Wk1-13
SC1008,C & C++ PROGRAMMING,10997,Tut,TAISP,Tue,1030to1120,HWLAB2,Teaching Wk2-13
SC1008,C & C++ PROGRAMMING,10997,Lab,TAISP,Tue,1130to1220,HWLAB2,Teaching Wk2-13
SC2000,PROBABILITY & STATISTICS FOR COMPUTING,10115,Lec/Studio,SCL2,Fri,1630to1720,LT2A,Teaching Wk1-13
SC2000,PROBABILITY & STATISTICS FOR COMPUTING,10115,Lec/Studio,SCL2,Tue,1630to1720,LT2A,Teaching Wk1-13
SC2000,PROBABILITY & STATISTICS FOR COMPUTING,10115,Tut,FCEA,Mon,1430to1520,TR+8,Teaching Wk2-13
SC2000,PROBABILITY & STATISTICS FOR COMPUTING,10116,Lec/Studio,SCL2,Fri,1630to1720,LT2A,Teaching Wk1-13
SC2000,PROBABILITY & STATISTICS FOR COMPUTING,10116,Lec/Studio,SCL2,Tue,1630to1720,LT2A,Teaching Wk1-13
SC2000,PROBABILITY & STATISTICS FOR COMPUTING,10116,Tut,FCEB,Thu,1330to1420,TR+2,Teaching Wk2-13
SC2000,PROBABILITY & STATISTICS FOR COMPUTING,10117,Lec/Studio,SCL2,Fri,1630to1720,LT2A,Teaching Wk1-13
SC2000,PROBABILITY & STATISTICS FOR COMPUTING,10117,Lec/Studio,SCL2,Tue,1630to1720,LT2A,Teaching Wk1-13
SC2000,PROBABILITY & STATISTICS FOR COMPUTING,10117,Tut,FCEC,Thu,1530to1620,TR+9,Teaching Wk2-13
SC2000,PROBABILITY & STATISTICS FOR COMPUTING,10118,Lec/Studio,SCL2,Fri,1630to1720,LT2A,Teaching Wk1-13
SC2000,PROBABILITY & STATISTICS FOR COMPUTING,10118,Lec/Studio,SCL2,Tue,1630to1720,LT2A,Teaching Wk1-13
SC2000,PROBABILITY & STATISTICS FOR COMPUTING,10118,Tut,FCED,Wed,1330to1420,TR+4,Teaching Wk2-13
SC2000,PROBABILITY & STATISTICS FOR COMPUTING,10119,Lec/Studio,SCL2,Fri,1630to1720,LT2A,Teaching Wk1-13
SC2000,PROBABILITY & STATISTICS FOR COMPUTING,10119,Lec/Studio,SCL2,Tue,1630to1720,LT2A,Teaching Wk1-13
SC2000,PROBABILITY & STATISTICS FOR COMPUTING,10119,Tut,FCE1,Fri,1230to1320,TR+15,Teaching Wk2-13
SC2000,PROBABILITY & STATISTICS FOR COMPUTING,10120,Lec/Studio,SCL2,Fri,1630to1720,LT2A,Teaching Wk1-13
SC2000,PROBABILITY & STATISTICS FOR COMPUTING,10120,Lec/Studio,SCL2,Tue,1630to1720,LT2A,Teaching Wk1-13
SC2000,PROBABILITY & STATISTICS FOR COMPUTING,10120,Tut,FCE2,Fri,1230to1320,TR+17,Teaching Wk2-13
SC2000,PROBABILITY & STATISTICS FOR COMPUTING,10121,Lec/Studio,SCL2,Fri,1630to1720,LT2A,Teaching Wk1-13
SC2000,PROBABILITY & STATISTICS FOR COMPUTING,10121,Lec/Studio,SCL2,Tue,1630to1720,LT2A,Teaching Wk1-13
SC2000,PROBABILITY & STATISTICS FOR COMPUTING,10121,Tut,FCE3,Mon,1130to1220,TR+3,Teaching Wk2-13
SC2000,PROBABILITY & STATISTICS FOR COMPUTING,10122,Lec/Studio,SCL2,Fri,1630to1720,LT2A,Teaching Wk1-13
SC2000,PROBABILITY & STATISTICS FOR COMPUTING,10122,Lec/Studio,SCL2,Tue,1630to1720,LT2A,Teaching Wk1-13
SC2000,PROBABILITY & STATISTICS FOR COMPUTING,10122,Tut,FCSA,Fri,1530to1620,TR+2,Teaching Wk2-13
SC2000,PROBABILITY & STATISTICS FOR COMPUTING,10123,Lec/Studio,SCL2,Fri,1630to1720,LT2A,Teaching Wk1-13
SC2000,PROBABILITY & STATISTICS FOR COMPUTING,10123,Lec/Studio,SCL2,Tue,1630to1720,LT2A,Teaching Wk1-13
SC2000,PROBABILITY & STATISTICS FOR COMPUTING,10123,Tut,FCSB,Fri,0930to1020,TR+6,Teaching Wk2-13
SC2000,PROBABILITY & STATISTICS FOR COMPUTING,10124,Lec/Studio,SCL2,Fri,1630to1720,LT2A,Teaching Wk1-13
SC2000,PROBABILITY & STATISTICS FOR COMPUTING,10124,Lec/Studio,SCL2,Tue,1630to1720,LT2A,Teaching Wk1-13
SC2000,PROBABILITY & STATISTICS FOR COMPUTING,10124,Tut,FCSC,Wed,1030to1120,TR+5,Teaching Wk2-13
SC2000,PROBABILITY & STATISTICS FOR COMPUTING,10125,Lec/Studio,SCL2,Fri,1630to1720,LT2A,Teaching Wk1-13
SC2000,PROBABILITY & STATISTICS FOR COMPUTING,10125,Lec/Studio,SCL2,Tue,1630to1720,LT2A,Teaching Wk1-13
SC2000,PROBABILITY & STATISTICS FOR COMPUTING,10125,Tut,FCSD,Fri,1530to1620,TR+9,Teaching Wk2-13
SC2000,PROBABILITY & STATISTICS FOR COMPUTING,10126,Lec/Studio,SCL2,Fri,1630to1720,LT2A,Teaching Wk1-13
SC2000,PROBABILITY & STATISTICS FOR COMPUTING,10126,Lec/Studio,SCL2,Tue,1630to1720,LT2A,Teaching Wk1-13
SC2000,PROBABILITY & STATISTICS FOR COMPUTING,10126,Tut,FCSE,Wed,1030to1120,TR+6,Teaching Wk2-13
SC2000,PROBABILITY & STATISTICS FOR COMPUTING,10127,Lec/Studio,SCL2,Fri,1630to1720,LT2A,Teaching Wk1-13
SC2000,PROBABILITY & STATISTICS FOR COMPUTING,10127,Lec/Studio,SCL2,Tue,1630to1720,LT2A,Teaching Wk1-13
SC2000,PROBABILITY & STATISTICS FOR COMPUTING,10127,Tut,FCSF,Wed,1330to1420,TR+16,Teaching Wk2-13
SC2000,PROBABILITY & STATISTICS FOR COMPUTING,10128,Lec/Studio,SCL2,Fri,1630to1720,LT2A,Teaching Wk1-13
SC2000,PROBABILITY & STATISTICS FOR COMPUTING,10128,Lec/Studio,SCL2,Tue,1630to1720,LT2A,Teaching Wk1-13
SC2000,PROBABILITY & STATISTICS FOR COMPUTING,10128,Tut,FCSG,Wed,1230to1320,TR+1,Teaching Wk2-13
SC2000,PROBABILITY & STATISTICS FOR COMPUTING,10129,Lec/Studio,SCL2,Fri,1630to1720,LT2A,Teaching Wk1-13
SC2000,PROBABILITY & STATISTICS FOR COMPUTING,10129,Lec/Studio,SCL2,Tue,1630to1720,LT2A,Teaching Wk1-13
SC2000,PROBABILITY & STATISTICS FOR COMPUTING,10129,Tut,FCSH,Fri,1030to1120,TR+4,Teaching Wk2-13
SC2000,PROBABILITY & STATISTICS FOR COMPUTING,10130,Lec/Studio,SCL2,Fri,1630to1720,LT2A,Teaching Wk1-13
SC2000,PROBABILITY & STATISTICS FOR COMPUTING,10130,Lec/Studio,SCL2,Tue,1630to1720,LT2A,Teaching Wk1-13
SC2000,PROBABILITY & STATISTICS FOR COMPUTING,10130,Tut,FCSI,Mon,1630to1720,TR+6,Teaching Wk2-13
SC2000,PROBABILITY & STATISTICS FOR COMPUTING,10131,Lec/Studio,SCL2,Fri,1630to1720,LT2A,Teaching Wk1-13
SC2000,PROBABILITY & STATISTICS FOR COMPUTING,10131,Lec/Studio,SCL2,Tue,1630to1720,LT2A,Teaching Wk1-13
SC2000,PROBABILITY & STATISTICS FOR COMPUTING,10131,Tut,FCSJ,Mon,0930to1020,TR+3,Teaching Wk2-13
SC2000,PROBABILITY & STATISTICS FOR COMPUTING,10132,Lec/Studio,SCL2,Fri,1630to1720,LT2A,Teaching Wk1-13
SC2000,PROBABILITY & STATISTICS FOR COMPUTING,10132,Lec/Studio,SCL2,Tue,1630to1720,LT2A,Teaching Wk1-13
SC2000,PROBABILITY & STATISTICS FOR COMPUTING,10132,Tut,FCS1,Thu,1430to1520,TR+8,Teaching Wk2-13
SC2000,PROBABILITY & STATISTICS FOR COMPUTING,10133,Lec/Studio,SCL2,Fri,1630to1720,LT2A,Teaching Wk1-13
SC2000,PROBABILITY & STATISTICS FOR COMPUTING,10133,Lec/Studio,SCL2,Tue,1630to1720,LT2A,Teaching Wk1-13
SC2000,PROBABILITY & STATISTICS FOR COMPUTING,10133,Tut,FCS2,Fri,1030to1120,TR+4,Teaching Wk2-13
SC2000,PROBABILITY & STATISTICS FOR COMPUTING,10134,Lec/Studio,SCL2,Fri,1630to1720,LT2A,Teaching Wk1-13
SC2000,PROBABILITY & STATISTICS FOR COMPUTING,10134,Lec/Studio,SCL2,Tue,1630to1720,LT2A,Teaching Wk1-13
SC2000,PROBABILITY & STATISTICS FOR COMPUTING,10134,Tut,FCS3,Tue,0930to1020,TR+16,Teaching Wk2-13
SC2000,PROBABILITY & STATISTICS FOR COMPUTING,10135,Lec/Studio,SCL2,Fri,1630to1720,LT2A,Teaching Wk1-13
SC2000,PROBABILITY & STATISTICS FOR COMPUTING,10135,Lec/Studio,SCL2,Tue,1630to1720,LT2A,Teaching Wk1-13
SC2000,PROBABILITY & STATISTICS FOR COMPUTING,10135,Tut,FCS4,Fri,1330to1420,TR+7,Teaching Wk2-13
SC2000,PROBABILITY & STATISTICS FOR COMPUTING,10136,Lec/Studio,SCL2,Fri,1630to1720,LT2A,Teaching Wk1-13
SC2000,PROBABILITY & STATISTICS FOR COMPUTING,10136,Lec/Studio,SCL2,Tue,1630to1720,LT2A,Teaching Wk1-13
SC2000,PROBABILITY & STATISTICS FOR COMPUTING,10136,Tut,FCS5,Fri,1130to1220,TR+2,Teaching Wk2-13
SC2000,PROBABILITY & STATISTICS FOR COMPUTING,10137,Lec/Studio,SCL2,Fri,1630to1720,LT2A,Teaching Wk1-13
SC2000,PROBABILITY & STATISTICS FOR COMPUTING,10137,Lec/Studio,SCL2,Tue,1630to1720,LT2A,Teaching Wk1-13
SC2000,PROBABILITY & STATISTICS FOR COMPUTING,10137,Tut,FCS6,Mon,1530to1620,TR+5,Teaching Wk2-13
SC2000,PROBABILITY & STATISTICS FOR COMPUTING,10138,Lec/Studio,SCL2,Fri,1630to1720,LT2A,Teaching Wk1-13
SC2000,PROBABILITY & STATISTICS FOR COMPUTING,10138,Lec/Studio,SCL2,Tue,1630to1720,LT2A,Teaching Wk1-13
SC2000,PROBABILITY & STATISTICS FOR COMPUTING,10138,Tut,SCMA,Wed,1630to1720,TR+7,Teaching Wk2-13
SC2000,PROBABILITY & STATISTICS FOR COMPUTING,10139,Lec/Studio,SCL2,Fri,1630to1720,LT2A,Teaching Wk1-13
SC2000,PROBABILITY & STATISTICS FOR COMPUTING,10139,Lec/Studio,SCL2,Tue,1630to1720,LT2A,Teaching Wk1-13
SC2000,PROBABILITY & STATISTICS FOR COMPUTING,10139,Tut,SCMB,Wed,1030to1120,TR+16,Teaching Wk2-13
SC2000,PROBABILITY & STATISTICS FOR COMPUTING,10140,Lec/Studio,SCL2,Fri,1630to1720,LT2A,Teaching Wk1-13
SC2000,PROBABILITY & STATISTICS FOR COMPUTING,10140,Lec/Studio,SCL2,Tue,1630to1720,LT2A,Teaching Wk1-13
SC2000,PROBABILITY & STATISTICS FOR COMPUTING,10140,Tut,SDDA,Wed,1130to1220,TR+18,Teaching Wk2-13
SC2000,PROBABILITY & STATISTICS FOR COMPUTING,10141,Lec/Studio,SCL2,Fri,1630to1720,LT2A,Teaching Wk1-13
SC2000,PROBABILITY & STATISTICS FOR COMPUTING,10141,Lec/Studio,SCL2,Tue,1630to1720,LT2A,Teaching Wk1-13
SC2000,PROBABILITY & STATISTICS FOR COMPUTING,10141,Tut,SDDB,Mon,1230to1320,TR+23,Teaching Wk2-13
